station,water_year,disappearance_date,days_from_march1,target_is_censored,reason,swe_march1_mm,peak_swe_mm,peak_swe_date
307:MT:SNTL,1991,1991-07-07,128,False,melt_out,988.06,1480.82,1991-05-06
307:MT:SNTL,1992,1992-05-30,90,False,melt_out,584.1999999999999,637.54,1992-03-31
307:MT:SNTL,1993,1993-06-25,116,False,melt_out,431.79999999999995,695.9599999999999,1993-05-04
307:MT:SNTL,1994,1994-06-18,109,False,melt_out,541.02,708.66,1994-04-08
307:MT:SNTL,1995,1995-07-07,128,False,melt_out,746.7599999999999,980.4399999999999,1995-05-14
307:MT:SNTL,1996,1996-07-01,122,False,melt_out,876.3,1102.36,1996-05-10
307:MT:SNTL,1997,1997-06-28,119,False,melt_out,949.9599999999999,1310.6399999999999,1997-04-16
307:MT:SNTL,1998,1998-06-17,108,False,melt_out,467.35999999999996,670.56,1998-04-17
307:MT:SNTL,1999,1999-07-07,128,False,melt_out,1005.84,1206.5,1999-04-23
307:MT:SNTL,2000,2000-06-13,104,False,melt_out,599.44,802.64,2000-04-08
307:MT:SNTL,2001,2001-06-17,108,False,melt_out,363.21999999999997,650.24,2001-04-23
307:MT:SNTL,2002,2002-07-12,133,False,melt_out,756.92,1315.7199999999998,2002-05-08
307:MT:SNTL,2003,2003-06-17,108,False,melt_out,454.6599999999999,817.88,2003-04-09
307:MT:SNTL,2004,2004-06-25,116,False,melt_out,594.3599999999999,769.62,2004-03-29
307:MT:SNTL,2005,2005-06-16,107,False,melt_out,337.82,579.12,2005-04-21
307:MT:SNTL,2006,2006-06-13,104,False,melt_out,708.66,934.7199999999999,2006-04-20
307:MT:SNTL,2007,2007-06-15,106,False,melt_out,680.72,848.3599999999999,2007-04-21
307:MT:SNTL,2008,2008-07-15,136,False,melt_out,830.58,1198.88,2008-06-12
307:MT:SNTL,2009,2009-06-28,119,False,melt_out,502.92,871.2199999999999,2009-05-15
307:MT:SNTL,2010,2010-06-28,119,False,melt_out,535.94,749.3,2010-05-09
307:MT:SNTL,2011,2011-07-16,137,False,melt_out,787.4,1366.5199999999998,2011-05-09
307:MT:SNTL,2012,2012-06-29,120,False,melt_out,764.54,1102.36,2012-04-20
307:MT:SNTL,2013,2013-06-20,111,False,melt_out,675.64,942.34,2013-04-24
307:MT:SNTL,2014,2014-07-03,124,False,melt_out,782.3199999999999,1178.56,2014-04-26
307:MT:SNTL,2015,2015-06-05,96,False,melt_out,655.3199999999999,734.06,2015-04-15
307:MT:SNTL,2016,2016-06-05,96,False,melt_out,525.78,655.3199999999999,2016-04-01
307:MT:SNTL,2017,2017-06-18,109,False,melt_out,673.0999999999999,1016.0,2017-05-03
307:MT:SNTL,2019,2019-06-07,98,False,melt_out,500.37999999999994,650.24,2019-04-17
307:MT:SNTL,2020,2020-06-14,105,False,melt_out,800.0999999999999,1046.48,2020-04-20
307:MT:SNTL,2021,2021-06-14,105,False,melt_out,746.7599999999999,901.6999999999999,2021-04-27
307:MT:SNTL,2022,2022-06-23,114,False,melt_out,637.54,955.04,2022-04-25
307:MT:SNTL,2023,2023-05-30,90,False,melt_out,655.3199999999999,825.5,2023-04-27
307:MT:SNTL,2024,2024-06-06,97,False,melt_out,388.62,467.35999999999996,2024-04-09
307:MT:SNTL,2025,2025-05-31,91,False,melt_out,464.82,662.94,2025-04-21
308:AZ:SNTL,1991,1991-04-20,50,False,melt_out,149.86,276.86,1991-03-28
308:AZ:SNTL,1992,1992-04-13,43,False,melt_out,190.5,292.09999999999997,1992-03-09
308:AZ:SNTL,1993,1993-04-07,37,False,melt_out,304.79999999999995,312.42,1993-03-03
308:AZ:SNTL,1994,1994-04-30,60,False,melt_out,193.04,198.11999999999998,1994-02-26
308:AZ:SNTL,1995,1995-03-13,12,False,melt_out,96.52,193.04,1995-01-29
308:AZ:SNTL,1996,1996-03-17,16,False,melt_out,48.26,50.8,1996-02-26
308:AZ:SNTL,1997,1997-04-09,39,False,melt_out,187.96,200.66,1997-03-06
308:AZ:SNTL,1998,1998-04-30,60,False,melt_out,289.56,335.28,1998-04-07
308:AZ:SNTL,1999,1999-04-15,45,False,melt_out,0.0,91.44,1999-04-04
308:AZ:SNTL,2000,2000-04-02,32,False,melt_out,0.0,104.13999999999999,2000-03-07
308:AZ:SNTL,2001,2001-04-15,45,False,melt_out,182.88,226.06,2001-03-11
308:AZ:SNTL,2002,2002-03-01,0,False,gone_at_origin,0.0,55.88,2001-12-31
308:AZ:SNTL,2003,2003-03-31,30,False,melt_out,139.7,139.7,2003-03-01
308:AZ:SNTL,2004,2004-03-16,15,False,melt_out,124.46000000000001,132.07999999999998,2004-03-04
308:AZ:SNTL,2005,2005-04-04,34,False,melt_out,190.5,205.73999999999998,2005-03-05
308:AZ:SNTL,2006,2006-03-27,26,False,melt_out,0.0,60.959999999999994,2006-03-12
308:AZ:SNTL,2007,2007-03-14,13,False,melt_out,124.46000000000001,132.07999999999998,2007-02-24
308:AZ:SNTL,2008,2008-03-27,26,False,melt_out,233.67999999999998,266.7,2008-02-23
308:AZ:SNTL,2009,2009-03-20,19,False,melt_out,154.93999999999997,215.89999999999998,2009-02-17
308:AZ:SNTL,2010,2010-04-16,46,False,melt_out,408.94,462.28,2010-03-10
308:AZ:SNTL,2011,2011-04-12,42,False,melt_out,73.66,76.19999999999999,2011-02-27
308:AZ:SNTL,2012,2012-03-24,23,False,melt_out,15.239999999999998,121.91999999999999,2011-12-18
308:AZ:SNTL,2013,2013-03-20,19,False,melt_out,91.44,116.83999999999999,2013-03-10
308:AZ:SNTL,2014,2014-03-04,3,False,melt_out,17.779999999999998,58.419999999999995,2013-12-20
308:AZ:SNTL,2015,2015-03-11,10,False,melt_out,38.099999999999994,53.339999999999996,2015-03-05
308:AZ:SNTL,2016,2016-03-01,0,False,gone_at_origin,0.0,175.26,2016-01-07
308:AZ:SNTL,2017,2017-03-15,14,False,melt_out,149.86,165.1,2017-01-24
308:AZ:SNTL,2018,2018-03-12,11,False,melt_out,53.339999999999996,53.339999999999996,2018-02-28
308:AZ:SNTL,2019,2019-04-01,31,False,melt_out,167.64,182.88,2019-02-22
308:AZ:SNTL,2020,2020-03-26,25,False,melt_out,17.779999999999998,139.7,2019-12-28
308:AZ:SNTL,2021,2021-03-30,29,False,melt_out,93.98,137.16,2021-01-27
308:AZ:SNTL,2022,2022-03-17,16,False,melt_out,40.64,63.5,2022-01-01
308:AZ:SNTL,2023,2023-04-17,47,False,melt_out,322.58,325.12,2023-03-02
308:AZ:SNTL,2024,2024-05-26,86,False,melt_out,91.44,157.48,2024-02-08
308:AZ:SNTL,2025,2025-04-24,54,False,melt_out,0.0,96.52,2025-03-15
310:AZ:SNTL,1991,1991-04-21,51,False,melt_out,271.78,355.59999999999997,1991-03-27
310:AZ:SNTL,1992,1992-04-14,44,False,melt_out,228.6,266.7,1992-03-10
310:AZ:SNTL,1993,1993-04-25,55,False,melt_out,436.87999999999994,439.42,1993-03-04
310:AZ:SNTL,1994,1994-04-15,45,False,melt_out,172.72,172.72,1994-03-01
310:AZ:SNTL,1995,1995-04-22,52,False,melt_out,256.53999999999996,264.15999999999997,1995-03-11
310:AZ:SNTL,1996,1996-04-01,31,False,melt_out,35.559999999999995,83.82,1996-02-03
310:AZ:SNTL,1997,1997-04-13,43,False,melt_out,254.0,266.7,1997-02-28
310:AZ:SNTL,1998,1998-04-25,55,False,melt_out,231.14,292.09999999999997,1998-03-19
310:AZ:SNTL,1999,1999-04-15,45,False,melt_out,7.619999999999999,96.52,1999-02-14
310:AZ:SNTL,2000,2000-03-30,29,False,melt_out,12.7,55.88,2000-03-08
310:AZ:SNTL,2001,2001-04-25,55,False,melt_out,233.67999999999998,264.15999999999997,2001-03-10
310:AZ:SNTL,2002,2002-03-17,16,False,melt_out,86.36,106.67999999999999,2002-02-11
310:AZ:SNTL,2003,2003-04-16,46,False,melt_out,203.2,226.06,2003-03-07
310:AZ:SNTL,2004,2004-04-14,44,False,melt_out,149.86,193.04,2004-03-05
310:AZ:SNTL,2005,2005-04-18,48,False,melt_out,284.47999999999996,292.09999999999997,2005-03-05
310:AZ:SNTL,2006,2006-04-01,31,False,melt_out,0.0,86.36,2006-03-14
310:AZ:SNTL,2007,2007-03-25,24,False,melt_out,147.32,149.86,2007-02-25
310:AZ:SNTL,2008,2008-04-03,33,False,melt_out,287.02,304.79999999999995,2008-02-23
310:AZ:SNTL,2009,2009-04-04,34,False,melt_out,220.97999999999996,254.0,2009-02-17
310:AZ:SNTL,2010,2010-05-04,64,False,melt_out,360.67999999999995,419.09999999999997,2010-03-23
310:AZ:SNTL,2011,2011-03-22,21,False,melt_out,134.61999999999998,134.61999999999998,2011-02-27
310:AZ:SNTL,2012,2012-03-27,26,False,melt_out,152.39999999999998,157.48,2012-01-30
310:AZ:SNTL,2013,2013-04-14,44,False,melt_out,193.04,208.27999999999997,2013-03-09
310:AZ:SNTL,2014,2014-03-18,17,False,melt_out,22.86,81.28,2014-02-06
310:AZ:SNTL,2015,2015-03-13,12,False,melt_out,48.26,111.76,2015-01-31
310:AZ:SNTL,2016,2016-03-01,0,False,gone_at_origin,0.0,134.61999999999998,2016-02-01
310:AZ:SNTL,2017,2017-03-19,18,False,melt_out,162.56,195.57999999999998,2017-01-29
310:AZ:SNTL,2018,2018-03-09,8,False,melt_out,35.559999999999995,53.339999999999996,2018-01-21
310:AZ:SNTL,2019,2019-04-07,37,False,melt_out,236.22,259.08,2019-03-13
310:AZ:SNTL,2020,2020-03-25,24,False,melt_out,170.18,198.11999999999998,2020-02-14
310:AZ:SNTL,2021,2021-03-06,5,False,melt_out,20.32,53.339999999999996,2021-02-01
310:AZ:SNTL,2022,2022-04-01,31,False,melt_out,124.46000000000001,132.07999999999998,2022-02-27
310:AZ:SNTL,2023,2023-04-15,45,False,melt_out,251.46,254.0,2023-03-04
310:AZ:SNTL,2024,2024-04-18,48,False,melt_out,147.32,175.26,2024-02-12
320:ID:SNTL,1991,1991-06-02,93,False,melt_out,93.98,309.87999999999994,1991-04-30
320:ID:SNTL,1992,1992-05-06,66,False,melt_out,246.37999999999997,279.4,1992-03-30
320:ID:SNTL,1993,1993-05-28,88,False,melt_out,373.37999999999994,449.58,1993-04-26
320:ID:SNTL,1994,1994-05-22,82,False,melt_out,195.57999999999998,218.43999999999997,1994-04-11
320:ID:SNTL,1995,1995-06-22,113,False,melt_out,381.0,660.4,1995-05-06
320:ID:SNTL,1996,1996-06-06,97,False,melt_out,358.14,467.35999999999996,1996-05-04
320:ID:SNTL,1997,1997-06-03,94,False,melt_out,558.8,614.68,1997-04-11
320:ID:SNTL,1998,1998-06-12,103,False,melt_out,327.65999999999997,421.64,1998-04-19
320:ID:SNTL,1999,1999-06-15,106,False,melt_out,482.59999999999997,530.8599999999999,1999-05-04
320:ID:SNTL,2000,2000-05-23,83,False,melt_out,276.86,345.44,2000-04-18
320:ID:SNTL,2001,2001-05-14,74,False,melt_out,180.33999999999997,251.46,2001-04-20
320:ID:SNTL,2002,2002-05-29,89,False,melt_out,246.37999999999997,342.9,2002-04-17
320:ID:SNTL,2003,2003-06-01,92,False,melt_out,317.5,447.04,2003-05-04
320:ID:SNTL,2004,2004-05-22,82,False,melt_out,327.65999999999997,332.73999999999995,2004-03-05
320:ID:SNTL,2005,2005-05-30,90,False,melt_out,223.52,360.67999999999995,2005-04-23
320:ID:SNTL,2006,2006-06-07,98,False,melt_out,388.62,622.3,2006-04-16
320:ID:SNTL,2007,2007-05-13,73,False,melt_out,200.66,236.22,2007-04-25
320:ID:SNTL,2008,2008-05-30,90,False,melt_out,327.65999999999997,388.62,2008-04-12
320:ID:SNTL,2009,2009-05-26,86,False,melt_out,271.78,403.86,2009-04-15
320:ID:SNTL,2010,2010-05-18,78,False,melt_out,185.42,271.78,2010-04-05
320:ID:SNTL,2011,2011-06-04,95,False,melt_out,271.78,467.35999999999996,2011-04-25
320:ID:SNTL,2012,2012-05-09,69,False,melt_out,203.2,426.71999999999997,2012-03-30
320:ID:SNTL,2013,2013-05-07,67,False,melt_out,289.56,297.17999999999995,2013-03-11
320:ID:SNTL,2014,2014-05-07,67,False,melt_out,190.5,299.72,2014-04-01
320:ID:SNTL,2015,2015-04-28,58,False,melt_out,228.6,238.76,2015-02-09
320:ID:SNTL,2016,2016-05-07,67,False,melt_out,241.29999999999998,360.67999999999995,2016-03-15
320:ID:SNTL,2017,2017-05-31,91,False,melt_out,541.02,642.62,2017-04-08
320:ID:SNTL,2018,2018-05-14,74,False,melt_out,238.76,347.97999999999996,2018-03-23
320:ID:SNTL,2019,2019-05-31,91,False,melt_out,457.2,546.1,2019-04-16
320:ID:SNTL,2020,2020-05-09,69,False,melt_out,187.96,299.72,2020-04-06
320:ID:SNTL,2021,2021-05-03,63,False,melt_out,210.82,228.6,2021-03-25
320:ID:SNTL,2022,2022-05-31,91,False,melt_out,271.78,299.72,2022-03-20
320:ID:SNTL,2023,2023-05-26,86,False,melt_out,304.79999999999995,513.0799999999999,2023-04-23
320:ID:SNTL,2024,2024-05-16,76,False,melt_out,297.17999999999995,353.06,2024-04-03
320:ID:SNTL,2025,2025-05-07,67,False,melt_out,307.34,396.23999999999995,2025-04-03
335:CO:SNTL,1991,1991-06-18,109,False,melt_out,289.56,604.52,1991-05-01
335:CO:SNTL,1992,1992-05-29,89,False,melt_out,370.84,591.8199999999999,1992-04-24
335:CO:SNTL,1993,1993-06-20,111,False,melt_out,414.02,782.3199999999999,1993-05-02
335:CO:SNTL,1994,1994-06-01,92,False,melt_out,355.59999999999997,513.0799999999999,1994-04-14
335:CO:SNTL,1995,1995-07-07,128,False,melt_out,302.26,586.74,1995-05-30
335:CO:SNTL,1996,1996-06-15,106,False,melt_out,518.16,774.6999999999999,1996-05-02
335:CO:SNTL,1997,1997-06-18,109,False,melt_out,436.87999999999994,797.56,1997-05-03
335:CO:SNTL,1998,1998-06-08,99,False,melt_out,350.52,604.52,1998-04-28
335:CO:SNTL,1999,1999-06-13,104,False,melt_out,276.86,586.74,1999-05-05
335:CO:SNTL,2000,2000-06-02,93,False,melt_out,312.42,490.21999999999997,2000-04-24
335:CO:SNTL,2001,2001-06-03,94,False,melt_out,342.9,566.42,2001-04-22
335:CO:SNTL,2002,2002-05-31,91,False,melt_out,238.76,281.94,2002-03-26
335:CO:SNTL,2003,2003-06-04,95,False,melt_out,314.96,660.4,2003-05-10
335:CO:SNTL,2004,2004-05-21,81,False,melt_out,335.28,378.46,2004-04-14
335:CO:SNTL,2005,2005-06-14,105,False,melt_out,317.5,502.92,2005-05-13
335:CO:SNTL,2006,2006-05-31,91,False,melt_out,447.04,609.5999999999999,2006-04-20
335:CO:SNTL,2007,2007-06-11,102,False,melt_out,358.14,563.88,2007-04-26
335:CO:SNTL,2008,2008-06-18,109,False,melt_out,406.4,619.7599999999999,2008-05-15
335:CO:SNTL,2009,2009-06-08,99,False,melt_out,414.02,627.38,2009-04-18
335:CO:SNTL,2010,2010-06-07,98,False,melt_out,370.84,622.3,2010-05-15
335:CO:SNTL,2011,2011-06-27,118,False,melt_out,464.82,883.9199999999998,2011-05-24
335:CO:SNTL,2012,2012-05-07,67,False,melt_out,320.03999999999996,330.2,2012-03-04
335:CO:SNTL,2013,2013-06-10,101,False,melt_out,274.32,581.66,2013-05-09
335:CO:SNTL,2014,2014-06-12,103,False,melt_out,523.24,678.18,2014-05-16
335:CO:SNTL,2015,2015-06-16,107,False,melt_out,391.15999999999997,492.75999999999993,2015-05-23
335:CO:SNTL,2016,2016-06-12,103,False,melt_out,360.67999999999995,599.44,2016-05-01
335:CO:SNTL,2017,2017-06-12,103,False,melt_out,393.7,472.44,2017-04-06
335:CO:SNTL,2018,2018-05-27,87,False,melt_out,279.4,469.9,2018-04-18
335:CO:SNTL,2019,2019-06-24,115,False,melt_out,360.67999999999995,576.5799999999999,2019-05-01
335:CO:SNTL,2020,2020-06-11,102,False,melt_out,482.59999999999997,642.62,2020-04-25
335:CO:SNTL,2021,2021-06-05,96,False,melt_out,322.58,497.84000000000003,2021-04-28
335:CO:SNTL,2022,2022-06-06,97,False,melt_out,302.26,457.2,2022-05-05
335:CO:SNTL,2023,2023-06-16,107,False,melt_out,370.84,533.4,2023-04-29
335:CO:SNTL,2024,2024-06-11,102,False,melt_out,421.64,609.5999999999999,2024-04-28
335:CO:SNTL,2025,2025-06-13,104,False,melt_out,429.25999999999993,571.5,2025-04-07
337:NV:SNTL,1991,1991-06-11,102,False,melt_out,165.1,520.6999999999999,1991-05-21
337:NV:SNTL,1992,1992-05-06,66,False,melt_out,396.23999999999995,485.14,1992-03-30
337:NV:SNTL,1993,1993-05-17,77,False,melt_out,330.2,464.82,1993-04-19
337:NV:SNTL,1994,1994-05-25,85,False,melt_out,213.35999999999999,373.37999999999994,1994-04-28
337:NV:SNTL,1995,1995-06-19,110,False,melt_out,518.16,820.4199999999998,1995-04-24
337:NV:SNTL,1996,1996-05-28,88,False,melt_out,266.7,426.71999999999997,1996-04-07
337:NV:SNTL,1997,1997-05-13,73,False,melt_out,325.12,439.42,1997-04-13
337:NV:SNTL,1998,1998-06-21,112,False,melt_out,447.04,650.24,1998-04-20
337:NV:SNTL,1999,1999-06-07,98,False,melt_out,347.97999999999996,568.9599999999999,1999-05-03
337:NV:SNTL,2000,2000-05-20,80,False,melt_out,259.08,314.96,2000-03-25
337:NV:SNTL,2001,2001-05-17,77,False,melt_out,363.21999999999997,599.44,2001-04-21
337:NV:SNTL,2002,2002-05-23,83,False,melt_out,327.65999999999997,419.09999999999997,2002-04-03
337:NV:SNTL,2003,2003-05-30,90,False,melt_out,233.67999999999998,469.9,2003-05-09
337:NV:SNTL,2004,2004-05-15,75,False,melt_out,398.78,449.58,2004-03-17
337:NV:SNTL,2005,2005-06-03,94,False,melt_out,546.1,772.16,2005-05-11
337:NV:SNTL,2006,2006-05-20,80,False,melt_out,241.29999999999998,546.1,2006-04-25
337:NV:SNTL,2007,2007-05-20,80,False,melt_out,251.46,370.84,2007-04-23
337:NV:SNTL,2008,2008-06-05,96,False,melt_out,444.5,492.75999999999993,2008-04-09
337:NV:SNTL,2009,2009-05-24,84,False,melt_out,345.44,662.94,2009-04-18
337:NV:SNTL,2010,2010-06-08,99,False,melt_out,279.4,505.4599999999999,2010-05-11
337:NV:SNTL,2011,2011-06-14,105,False,melt_out,464.82,693.42,2011-04-09
337:NV:SNTL,2012,2012-05-02,62,False,melt_out,177.79999999999998,312.42,2012-04-16
337:NV:SNTL,2013,2013-05-16,76,False,melt_out,355.59999999999997,414.02,2013-04-17
337:NV:SNTL,2014,2014-05-17,77,False,melt_out,261.62,355.59999999999997,2014-04-02
337:NV:SNTL,2015,2015-05-10,70,False,melt_out,170.18,185.42,2015-03-12
337:NV:SNTL,2016,2016-05-31,91,False,melt_out,447.04,599.44,2016-04-30
337:NV:SNTL,2017,2017-05-24,84,False,melt_out,401.32,533.4,2017-04-18
337:NV:SNTL,2018,2018-05-16,76,False,melt_out,170.18,276.86,2018-04-06
337:NV:SNTL,2019,2019-06-12,103,False,melt_out,426.71999999999997,723.9,2019-04-16
337:NV:SNTL,2020,2020-05-24,84,False,melt_out,281.94,381.0,2020-04-09
337:NV:SNTL,2021,2021-05-29,89,False,melt_out,353.06,607.06,2021-04-27
337:NV:SNTL,2022,2022-05-18,78,False,melt_out,175.26,261.62,2022-03-21
337:NV:SNTL,2023,2023-06-02,93,False,melt_out,713.74,980.4399999999999,2023-04-06
337:NV:SNTL,2024,2024-05-21,81,False,melt_out,421.64,530.8599999999999,2024-04-07
337:NV:SNTL,2025,2025-05-18,78,False,melt_out,228.6,434.34000000000003,2025-04-06
344:OR:SNTL,1991,1991-05-22,82,False,melt_out,213.35999999999999,434.34000000000003,1991-04-11
344:OR:SNTL,1992,1992-05-21,81,False,melt_out,264.15999999999997,320.03999999999996,1992-02-17
344:OR:SNTL,1993,1993-05-18,78,False,melt_out,784.8599999999999,810.2599999999999,1993-03-02
344:OR:SNTL,1994,1994-04-27,57,False,melt_out,347.97999999999996,353.06,1994-02-27
344:OR:SNTL,1995,1995-05-17,77,False,melt_out,510.54,596.9,1995-01-29
344:OR:SNTL,1996,1996-05-13,73,False,melt_out,584.1999999999999,617.22,1996-03-06
344:OR:SNTL,1997,1997-05-07,67,False,melt_out,508.0,566.42,1997-03-15
344:OR:SNTL,1998,1998-05-16,76,False,melt_out,480.05999999999995,508.0,1998-03-08
344:OR:SNTL,1999,1999-05-28,88,False,melt_out,825.5,985.5199999999999,1999-04-11
344:OR:SNTL,2000,2000-05-10,70,False,melt_out,612.14,685.8,2000-03-18
344:OR:SNTL,2001,2001-04-30,60,False,melt_out,284.47999999999996,322.58,2001-03-11
344:OR:SNTL,2002,2002-05-15,75,False,melt_out,594.3599999999999,731.52,2002-03-27
344:OR:SNTL,2003,2003-06-01,92,False,melt_out,299.72,408.94,2003-04-27
344:OR:SNTL,2004,2004-05-16,76,False,melt_out,828.04,866.14,2004-03-05
344:OR:SNTL,2005,2005-05-12,72,False,melt_out,170.18,187.96,2005-02-20
344:OR:SNTL,2006,2006-05-28,88,False,melt_out,741.68,929.64,2006-04-09
344:OR:SNTL,2007,2007-05-10,70,False,melt_out,515.62,551.18,2007-03-03
344:OR:SNTL,2008,2008-05-31,91,False,melt_out,749.3,843.28,2008-03-29
344:OR:SNTL,2009,2009-05-20,80,False,melt_out,510.54,655.3199999999999,2009-04-03
344:OR:SNTL,2010,2010-05-31,91,False,melt_out,327.65999999999997,419.09999999999997,2010-04-08
344:OR:SNTL,2011,2011-06-10,101,False,melt_out,477.52,713.74,2011-03-29
344:OR:SNTL,2012,2012-05-17,77,False,melt_out,429.25999999999993,586.74,2012-04-05
344:OR:SNTL,2013,2013-04-26,56,False,melt_out,373.37999999999994,391.15999999999997,2013-03-09
344:OR:SNTL,2014,2014-04-23,53,False,melt_out,137.16,154.93999999999997,2014-02-21
344:OR:SNTL,2015,2015-04-16,46,False,melt_out,35.559999999999995,81.28,2015-01-16
344:OR:SNTL,2016,2016-05-09,69,False,melt_out,721.3599999999999,749.3,2016-03-14
344:OR:SNTL,2017,2017-05-19,79,False,melt_out,614.68,695.9599999999999,2017-03-08
344:OR:SNTL,2018,2018-05-02,62,False,melt_out,289.56,325.12,2018-03-25
344:OR:SNTL,2019,2019-05-07,67,False,melt_out,574.04,642.62,2019-03-14
344:OR:SNTL,2020,2020-04-30,60,False,melt_out,474.97999999999996,508.0,2020-04-02
344:OR:SNTL,2021,2021-05-04,64,False,melt_out,601.9799999999999,665.4799999999999,2021-03-26
344:OR:SNTL,2022,2022-05-31,91,False,melt_out,381.0,419.09999999999997,2022-02-25
344:OR:SNTL,2023,2023-05-24,84,False,melt_out,581.66,883.9199999999998,2023-04-07
344:OR:SNTL,2024,2024-05-18,78,False,melt_out,647.6999999999999,792.4799999999999,2024-03-14
344:OR:SNTL,2025,2025-05-15,75,False,melt_out,655.3199999999999,800.0999999999999,2025-03-22
345:CO:SNTL,1991,1991-07-04,125,False,melt_out,541.02,911.8599999999999,1991-05-08
345:CO:SNTL,1992,1992-06-07,98,False,melt_out,401.32,513.0799999999999,1992-04-22
345:CO:SNTL,1993,1993-07-11,132,False,melt_out,721.3599999999999,1010.9199999999998,1993-05-07
345:CO:SNTL,1994,1994-06-19,110,False,melt_out,467.35999999999996,624.84,1994-05-01
345:CO:SNTL,1995,1995-07-21,142,False,melt_out,556.2599999999999,922.0199999999999,1995-05-20
345:CO:SNTL,1996,1996-06-24,115,False,melt_out,698.5,894.08,1996-04-27
345:CO:SNTL,1997,1997-07-20,141,False,melt_out,779.78,952.5,1997-05-02
345:CO:SNTL,1998,1998-07-06,127,False,melt_out,487.67999999999995,754.38,1998-04-26
345:CO:SNTL,1999,1999-06-27,118,False,melt_out,454.6599999999999,734.06,1999-05-14
345:CO:SNTL,2000,2000-06-07,98,False,melt_out,441.9599999999999,596.9,2000-04-24
345:CO:SNTL,2001,2001-06-17,108,False,melt_out,447.04,657.8599999999999,2001-04-22
345:CO:SNTL,2002,2002-05-31,91,False,melt_out,325.12,421.64,2002-03-28
345:CO:SNTL,2003,2003-06-20,111,False,melt_out,436.87999999999994,703.5799999999999,2003-05-09
345:CO:SNTL,2004,2004-06-21,112,False,melt_out,541.02,660.4,2004-04-24
345:CO:SNTL,2005,2005-07-05,126,False,melt_out,670.56,820.4199999999998,2005-05-13
345:CO:SNTL,2006,2006-06-19,110,False,melt_out,561.34,835.66,2006-04-19
345:CO:SNTL,2007,2007-06-14,105,False,melt_out,467.35999999999996,584.1999999999999,2007-04-27
345:CO:SNTL,2008,2008-07-07,128,False,melt_out,703.5799999999999,873.7599999999999,2008-05-14
345:CO:SNTL,2009,2009-06-28,119,False,melt_out,647.6999999999999,797.56,2009-04-27
345:CO:SNTL,2010,2010-06-22,113,False,melt_out,487.67999999999995,662.94,2010-04-08
345:CO:SNTL,2011,2011-07-16,137,False,melt_out,746.7599999999999,1168.3999999999999,2011-05-25
345:CO:SNTL,2012,2012-06-04,95,False,melt_out,477.52,492.75999999999993,2012-03-19
345:CO:SNTL,2013,2013-06-12,103,False,melt_out,391.15999999999997,576.5799999999999,2013-04-23
345:CO:SNTL,2014,2014-06-23,114,False,melt_out,548.64,652.78,2014-04-17
345:CO:SNTL,2015,2015-06-21,112,False,melt_out,347.97999999999996,520.6999999999999,2015-05-25
345:CO:SNTL,2016,2016-06-22,113,False,melt_out,434.34000000000003,655.3199999999999,2016-05-10
345:CO:SNTL,2017,2017-06-23,114,False,melt_out,695.9599999999999,759.4599999999999,2017-04-28
345:CO:SNTL,2018,2018-06-08,99,False,melt_out,381.0,548.64,2018-04-20
345:CO:SNTL,2019,2019-07-16,137,False,melt_out,645.16,886.4599999999999,2019-05-25
345:CO:SNTL,2020,2020-06-14,105,False,melt_out,429.25999999999993,586.74,2020-04-23
345:CO:SNTL,2021,2021-06-11,102,False,melt_out,424.17999999999995,533.4,2021-03-29
345:CO:SNTL,2022,2022-06-15,106,False,melt_out,490.21999999999997,599.44,2022-04-14
345:CO:SNTL,2023,2023-07-07,128,False,melt_out,805.18,1115.06,2023-04-11
345:CO:SNTL,2024,2024-06-18,109,False,melt_out,439.42,652.78,2024-05-07
345:CO:SNTL,2025,2025-06-06,97,False,melt_out,370.84,502.92,2025-04-09
348:UT:SNTL,1991,1991-06-03,94,False,melt_out,101.6,167.64,1991-03-30
348:UT:SNTL,1992,1992-04-28,58,False,melt_out,116.83999999999999,185.42,1992-04-01
348:UT:SNTL,1993,1993-05-19,79,False,melt_out,406.4,497.84000000000003,1993-04-08
348:UT:SNTL,1994,1994-05-04,64,False,melt_out,144.78,190.5,1994-04-11
348:UT:SNTL,1995,1995-05-29,89,False,melt_out,170.18,454.6599999999999,1995-04-24
348:UT:SNTL,1996,1996-05-11,71,False,melt_out,185.42,251.46,1996-04-21
348:UT:SNTL,1997,1997-05-12,72,False,melt_out,363.21999999999997,388.62,1997-04-13
348:UT:SNTL,1998,1998-05-18,78,False,melt_out,160.01999999999998,213.35999999999999,1998-04-18
348:UT:SNTL,1999,1999-05-16,76,False,melt_out,144.78,162.56,1999-03-13
348:UT:SNTL,2000,2000-04-26,56,False,melt_out,187.96,231.14,2000-03-22
348:UT:SNTL,2001,2001-05-05,65,False,melt_out,198.11999999999998,233.67999999999998,2001-03-18
348:UT:SNTL,2002,2002-04-13,43,False,melt_out,162.56,203.2,2002-03-21
348:UT:SNTL,2003,2003-05-03,63,False,melt_out,152.39999999999998,238.76,2003-04-09
348:UT:SNTL,2004,2004-04-28,58,False,melt_out,231.14,248.92000000000002,2004-03-06
348:UT:SNTL,2005,2005-05-17,77,False,melt_out,271.78,309.87999999999994,2005-04-01
348:UT:SNTL,2006,2006-05-03,63,False,melt_out,195.57999999999998,294.64,2006-04-07
348:UT:SNTL,2007,2007-05-06,66,False,melt_out,127.0,139.7,2007-03-08
348:UT:SNTL,2008,2008-05-23,83,False,melt_out,266.7,332.73999999999995,2008-04-12
348:UT:SNTL,2009,2009-05-01,61,False,melt_out,160.01999999999998,223.52,2009-04-04
348:UT:SNTL,2010,2010-05-12,72,False,melt_out,223.52,314.96,2010-04-08
348:UT:SNTL,2011,2011-05-26,86,False,melt_out,271.78,332.73999999999995,2011-03-28
348:UT:SNTL,2012,2012-04-27,57,False,melt_out,180.33999999999997,185.42,2012-03-07
348:UT:SNTL,2013,2013-04-28,58,False,melt_out,162.56,195.57999999999998,2013-03-25
348:UT:SNTL,2014,2014-05-13,73,False,melt_out,195.57999999999998,241.29999999999998,2014-04-02
348:UT:SNTL,2015,2015-04-26,56,False,melt_out,226.06,254.0,2015-03-02
348:UT:SNTL,2016,2016-05-02,62,False,melt_out,246.37999999999997,284.47999999999996,2016-03-28
348:UT:SNTL,2017,2017-05-19,79,False,melt_out,274.32,292.09999999999997,2017-03-07
348:UT:SNTL,2018,2018-05-04,64,False,melt_out,137.16,175.26,2018-03-25
348:UT:SNTL,2019,2019-06-01,92,False,melt_out,271.78,358.14,2019-04-03
348:UT:SNTL,2020,2020-04-30,60,False,melt_out,236.22,279.4,2020-03-29
348:UT:SNTL,2021,2021-04-28,58,False,melt_out,210.82,271.78,2021-03-23
348:UT:SNTL,2022,2022-04-24,54,False,melt_out,154.93999999999997,187.96,2022-03-20
348:UT:SNTL,2023,2023-05-17,77,False,melt_out,322.58,444.5,2023-04-05
348:UT:SNTL,2024,2024-05-01,61,False,melt_out,200.66,330.2,2024-04-08
348:UT:SNTL,2025,2025-04-26,56,False,melt_out,185.42,256.53999999999996,2025-03-21
368:UT:SNTL,1991,1991-06-16,107,False,melt_out,246.37999999999997,414.02,1991-05-03
368:UT:SNTL,1992,1992-05-19,79,False,melt_out,248.92000000000002,304.79999999999995,1992-04-22
368:UT:SNTL,1993,1993-06-23,114,False,melt_out,457.2,629.92,1993-05-09
368:UT:SNTL,1994,1994-06-03,94,False,melt_out,299.72,393.7,1994-05-03
368:UT:SNTL,1995,1995-07-17,138,False,melt_out,406.4,866.14,1995-05-28
368:UT:SNTL,1996,1996-06-17,108,False,melt_out,424.17999999999995,581.66,1996-04-28
368:UT:SNTL,1997,1997-06-22,113,False,melt_out,553.72,698.5,1997-05-02
368:UT:SNTL,1998,1998-07-07,128,False,melt_out,386.08,609.5999999999999,1998-05-14
368:UT:SNTL,1999,1999-07-01,122,False,melt_out,403.86,741.68,1999-05-17
368:UT:SNTL,2000,2000-05-29,89,False,melt_out,307.34,396.23999999999995,2000-04-19
368:UT:SNTL,2001,2001-06-07,98,False,melt_out,391.15999999999997,604.52,2001-04-22
368:UT:SNTL,2002,2002-05-30,90,False,melt_out,223.52,309.87999999999994,2002-04-27
368:UT:SNTL,2003,2003-06-06,97,False,melt_out,261.62,462.28,2003-05-12
368:UT:SNTL,2004,2004-06-03,94,False,melt_out,393.7,513.0799999999999,2004-04-23
368:UT:SNTL,2005,2005-07-03,124,False,melt_out,736.5999999999999,1010.9199999999998,2005-05-12
368:UT:SNTL,2006,2006-06-06,97,False,melt_out,436.87999999999994,660.4,2006-04-14
368:UT:SNTL,2007,2007-05-28,88,False,melt_out,304.79999999999995,419.09999999999997,2007-04-26
368:UT:SNTL,2008,2008-06-16,107,False,melt_out,431.79999999999995,525.78,2008-04-10
368:UT:SNTL,2009,2009-05-25,85,False,melt_out,340.36,482.59999999999997,2009-04-16
368:UT:SNTL,2010,2010-06-14,105,False,melt_out,231.14,353.06,2010-04-08
368:UT:SNTL,2011,2011-07-05,126,False,melt_out,627.38,1018.54,2011-05-30
368:UT:SNTL,2012,2012-05-13,73,False,melt_out,330.2,383.53999999999996,2012-03-28
368:UT:SNTL,2013,2013-06-03,94,False,melt_out,289.56,454.6599999999999,2013-04-21
368:UT:SNTL,2014,2014-05-29,89,False,melt_out,370.84,457.2,2014-04-13
368:UT:SNTL,2015,2015-06-10,101,False,melt_out,243.83999999999997,297.17999999999995,2015-05-23
368:UT:SNTL,2016,2016-06-10,101,False,melt_out,304.79999999999995,449.58,2016-05-09
368:UT:SNTL,2017,2017-06-12,103,False,melt_out,652.78,734.06,2017-03-31
368:UT:SNTL,2018,2018-05-25,85,False,melt_out,218.43999999999997,368.29999999999995,2018-04-11
368:UT:SNTL,2019,2019-06-30,121,False,melt_out,490.21999999999997,779.78,2019-05-31
368:UT:SNTL,2020,2020-06-11,102,False,melt_out,388.62,538.4799999999999,2020-04-25
368:UT:SNTL,2021,2021-05-24,84,False,melt_out,264.15999999999997,360.67999999999995,2021-03-25
368:UT:SNTL,2022,2022-05-16,76,False,melt_out,355.59999999999997,474.97999999999996,2022-04-16
368:UT:SNTL,2023,2023-06-11,102,False,melt_out,472.44,698.5,2023-04-28
368:UT:SNTL,2024,2024-06-06,97,False,melt_out,393.7,518.16,2024-04-07
368:UT:SNTL,2025,2025-05-23,83,False,melt_out,299.72,424.17999999999995,2025-04-04
388:OR:SNTL,1991,1991-06-03,94,False,melt_out,335.28,599.44,1991-04-16
388:OR:SNTL,1992,1992-04-26,56,False,melt_out,429.25999999999993,459.74,1992-02-22
388:OR:SNTL,1993,1993-06-16,107,False,melt_out,830.58,1043.94,1993-04-19
388:OR:SNTL,1994,1994-05-13,73,False,melt_out,523.24,579.12,1994-04-10
388:OR:SNTL,1995,1995-06-01,92,False,melt_out,505.4599999999999,706.12,1995-04-20
388:OR:SNTL,1996,1996-05-27,87,False,melt_out,541.02,548.64,1996-03-06
388:OR:SNTL,1997,1997-05-30,90,False,melt_out,840.74,955.04,1997-03-15
388:OR:SNTL,1998,1998-06-01,92,False,melt_out,622.3,675.64,1998-03-11
388:OR:SNTL,1999,1999-06-20,111,False,melt_out,1135.38,1394.4599999999998,1999-04-11
388:OR:SNTL,2000,2000-06-01,92,False,melt_out,896.6199999999999,993.14,2000-03-22
388:OR:SNTL,2001,2001-05-19,79,False,melt_out,480.05999999999995,576.5799999999999,2001-04-14
388:OR:SNTL,2002,2002-06-04,95,False,melt_out,840.74,1089.6599999999999,2002-04-01
388:OR:SNTL,2003,2003-05-28,88,False,melt_out,391.15999999999997,589.28,2003-04-07
388:OR:SNTL,2004,2004-05-27,87,False,melt_out,871.2199999999999,927.0999999999999,2004-03-08
388:OR:SNTL,2005,2005-05-18,78,False,melt_out,340.36,500.37999999999994,2005-04-14
388:OR:SNTL,2006,2006-06-03,94,False,melt_out,927.0999999999999,1125.2199999999998,2006-04-10
388:OR:SNTL,2007,2007-05-27,87,False,melt_out,795.02,840.74,2007-03-09
388:OR:SNTL,2008,2008-06-22,113,False,melt_out,1018.54,1341.12,2008-04-24
388:OR:SNTL,2009,2009-06-01,92,False,melt_out,614.68,985.5199999999999,2009-04-14
388:OR:SNTL,2010,2010-06-11,102,False,melt_out,500.37999999999994,731.52,2010-04-09
388:OR:SNTL,2011,2011-06-28,119,False,melt_out,828.04,1371.6,2011-04-29
388:OR:SNTL,2012,2012-05-29,89,False,melt_out,607.06,904.24,2012-04-05
388:OR:SNTL,2013,2013-05-24,84,False,melt_out,701.04,779.78,2013-03-22
388:OR:SNTL,2014,2014-05-19,79,False,melt_out,452.12,596.9,2014-04-05
388:OR:SNTL,2015,2015-04-21,51,False,melt_out,165.1,182.88,2015-01-17
388:OR:SNTL,2016,2016-05-17,77,False,melt_out,683.2599999999999,838.1999999999999,2016-03-27
388:OR:SNTL,2017,2017-06-03,94,False,melt_out,838.1999999999999,980.4399999999999,2017-03-08
388:OR:SNTL,2018,2018-05-15,75,False,melt_out,523.24,632.4599999999999,2018-03-25
388:OR:SNTL,2019,2019-05-24,84,False,melt_out,746.7599999999999,828.04,2019-04-15
388:OR:SNTL,2020,2020-05-25,85,False,melt_out,660.4,822.9599999999999,2020-04-04
388:OR:SNTL,2021,2021-05-18,78,False,melt_out,726.4399999999999,843.28,2021-03-28
388:OR:SNTL,2022,2022-06-15,106,False,melt_out,508.0,698.5,2022-04-20
388:OR:SNTL,2023,2023-06-01,92,False,melt_out,650.24,1109.98,2023-04-21
388:OR:SNTL,2024,2024-05-30,90,False,melt_out,746.7599999999999,878.84,2024-03-28
388:OR:SNTL,2025,2025-05-28,88,False,melt_out,817.88,1107.44,2025-03-22
391:CA:SNTL,1991,1991-06-16,107,False,melt_out,160.01999999999998,497.84000000000003,1991-05-20
391:CA:SNTL,1992,1992-05-19,79,False,melt_out,162.56,231.14,1992-03-18
391:CA:SNTL,1993,1993-06-08,99,False,melt_out,607.06,690.88,1993-04-19
391:CA:SNTL,1994,1994-05-07,67,False,melt_out,294.64,330.2,1994-03-23
391:CA:SNTL,1995,1995-06-12,103,False,melt_out,584.1999999999999,800.0999999999999,1995-05-07
391:CA:SNTL,1996,1996-05-26,86,False,melt_out,497.84000000000003,568.9599999999999,1996-04-03
391:CA:SNTL,1997,1997-05-10,70,False,melt_out,477.52,530.8599999999999,1997-03-17
391:CA:SNTL,1998,1998-06-16,107,False,melt_out,665.4799999999999,749.3,1998-04-15
391:CA:SNTL,1999,1999-05-31,91,False,melt_out,609.5999999999999,708.66,1999-04-10
391:CA:SNTL,2000,2000-04-30,60,False,melt_out,363.21999999999997,419.09999999999997,2000-03-18
391:CA:SNTL,2001,2001-05-13,73,False,melt_out,264.15999999999997,345.44,2001-04-20
391:CA:SNTL,2002,2002-05-17,77,False,melt_out,419.09999999999997,523.24,2002-03-24
391:CA:SNTL,2003,2003-05-31,91,False,melt_out,220.97999999999996,576.5799999999999,2003-05-10
391:CA:SNTL,2004,2004-05-20,80,False,melt_out,553.72,561.34,2004-03-05
391:CA:SNTL,2005,2005-05-28,88,False,melt_out,345.44,464.82,2005-04-03
391:CA:SNTL,2006,2006-05-16,76,False,melt_out,320.03999999999996,612.14,2006-04-18
391:CA:SNTL,2007,2007-05-08,68,False,melt_out,276.86,289.56,2007-03-04
391:CA:SNTL,2008,2008-05-30,90,False,melt_out,398.78,497.84000000000003,2008-04-08
391:CA:SNTL,2009,2009-05-15,75,False,melt_out,335.28,436.87999999999994,2009-04-09
391:CA:SNTL,2010,2010-06-05,96,False,melt_out,325.12,431.79999999999995,2010-04-04
391:CA:SNTL,2011,2011-06-17,108,False,melt_out,398.78,708.66,2011-04-25
391:CA:SNTL,2012,2012-05-08,68,False,melt_out,193.04,347.97999999999996,2012-04-13
391:CA:SNTL,2013,2013-04-26,56,False,melt_out,279.4,309.87999999999994,2013-03-11
391:CA:SNTL,2014,2014-05-01,61,False,melt_out,165.1,292.09999999999997,2014-04-04
391:CA:SNTL,2015,2015-04-10,40,False,melt_out,86.36,137.16,2015-01-16
391:CA:SNTL,2016,2016-05-04,64,False,melt_out,469.9,535.94,2016-03-28
391:CA:SNTL,2017,2017-05-18,78,False,melt_out,528.3199999999999,568.9599999999999,2017-03-09
391:CA:SNTL,2018,2018-05-06,66,False,melt_out,238.76,302.26,2018-03-25
391:CA:SNTL,2019,2019-05-28,88,False,melt_out,485.14,614.68,2019-04-11
391:CA:SNTL,2020,2020-05-15,75,False,melt_out,317.5,441.9599999999999,2020-04-06
391:CA:SNTL,2021,2021-05-01,61,False,melt_out,355.59999999999997,419.09999999999997,2021-03-25
391:CA:SNTL,2022,2022-05-18,78,False,melt_out,274.32,314.96,2022-03-15
391:CA:SNTL,2023,2023-05-26,86,False,melt_out,518.16,751.84,2023-04-04
391:CA:SNTL,2024,2024-05-26,86,False,melt_out,419.09999999999997,591.8199999999999,2024-04-07
391:CA:SNTL,2025,2025-05-14,74,False,melt_out,518.16,647.6999999999999,2025-04-02
394:NM:SNTL,1991,1991-04-24,54,False,melt_out,264.15999999999997,358.14,1991-04-03
394:NM:SNTL,1992,1992-04-22,52,False,melt_out,243.83999999999997,304.79999999999995,1992-03-31
394:NM:SNTL,1993,1993-05-06,66,False,melt_out,467.35999999999996,467.35999999999996,1993-02-28
394:NM:SNTL,1994,1994-05-02,62,False,melt_out,223.52,226.06,1994-03-13
394:NM:SNTL,1995,1995-05-19,79,False,melt_out,223.52,274.32,1995-03-06
394:NM:SNTL,1996,1996-04-04,34,False,melt_out,106.67999999999999,134.61999999999998,1996-03-12
394:NM:SNTL,1997,1997-05-02,62,False,melt_out,337.82,337.82,1997-02-28
394:NM:SNTL,1998,1998-04-28,58,False,melt_out,182.88,195.57999999999998,1998-03-07
394:NM:SNTL,1999,1999-05-07,67,False,melt_out,127.0,137.16,1999-02-13
394:NM:SNTL,2000,2000-04-19,49,False,melt_out,127.0,170.18,2000-03-21
394:NM:SNTL,2001,2001-04-28,58,False,melt_out,271.78,314.96,2001-03-17
394:NM:SNTL,2002,2002-04-04,34,False,melt_out,142.23999999999998,154.93999999999997,2002-03-10
394:NM:SNTL,2003,2003-04-24,54,False,melt_out,198.11999999999998,220.97999999999996,2003-03-06
394:NM:SNTL,2004,2004-04-06,36,False,melt_out,231.14,238.76,2004-03-02
394:NM:SNTL,2005,2005-05-07,67,False,melt_out,325.12,396.23999999999995,2005-04-01
394:NM:SNTL,2006,2006-04-12,42,False,melt_out,99.05999999999999,121.91999999999999,2006-03-23
394:NM:SNTL,2007,2007-04-16,46,False,melt_out,208.27999999999997,213.35999999999999,2007-03-05
394:NM:SNTL,2008,2008-04-27,57,False,melt_out,398.78,401.32,2008-03-13
394:NM:SNTL,2009,2009-04-25,55,False,melt_out,276.86,281.94,2009-02-17
394:NM:SNTL,2010,2010-04-29,59,False,melt_out,314.96,350.52,2010-03-26
394:NM:SNTL,2011,2011-04-26,56,False,melt_out,220.97999999999996,243.83999999999997,2011-03-08
394:NM:SNTL,2012,2012-04-09,39,False,melt_out,213.35999999999999,223.52,2012-03-03
394:NM:SNTL,2013,2013-04-11,41,False,melt_out,165.1,167.64,2013-03-02
394:NM:SNTL,2014,2014-04-06,36,False,melt_out,96.52,142.23999999999998,2014-03-09
394:NM:SNTL,2015,2015-04-04,34,False,melt_out,231.14,246.37999999999997,2015-03-07
394:NM:SNTL,2016,2016-05-02,62,False,melt_out,200.66,218.43999999999997,2016-02-06
394:NM:SNTL,2017,2017-04-23,53,False,melt_out,436.87999999999994,439.42,2017-02-28
394:NM:SNTL,2018,2018-03-26,25,False,melt_out,93.98,93.98,2018-02-23
394:NM:SNTL,2019,2019-05-24,84,False,melt_out,289.56,386.08,2019-03-13
394:NM:SNTL,2020,2020-04-16,46,False,melt_out,228.6,233.67999999999998,2020-03-03
394:NM:SNTL,2021,2021-04-20,50,False,melt_out,180.33999999999997,218.43999999999997,2021-03-26
394:NM:SNTL,2022,2022-04-19,49,False,melt_out,205.73999999999998,228.6,2022-03-10
394:NM:SNTL,2023,2023-05-02,62,False,melt_out,266.7,370.84,2023-03-22
394:NM:SNTL,2024,2024-04-20,50,False,melt_out,220.97999999999996,254.0,2024-03-26
394:NM:SNTL,2025,2025-05-08,68,False,melt_out,53.339999999999996,91.44,2025-03-16
412:CO:SNTL,1991,1991-04-17,47,False,melt_out,53.339999999999996,68.58,1991-03-06
412:CO:SNTL,1992,1992-04-04,34,False,melt_out,38.099999999999994,76.19999999999999,1992-03-09
412:CO:SNTL,1993,1993-04-25,55,False,melt_out,147.32,149.86,1993-02-24
412:CO:SNTL,1994,1994-03-20,19,False,melt_out,157.48,162.56,1994-02-25
412:CO:SNTL,1995,1995-06-09,100,False,melt_out,53.339999999999996,116.83999999999999,1995-04-30
412:CO:SNTL,1996,1996-04-21,51,False,melt_out,228.6,243.83999999999997,1996-03-14
412:CO:SNTL,1997,1997-05-06,66,False,melt_out,213.35999999999999,215.89999999999998,1997-03-06
412:CO:SNTL,1998,1998-04-27,57,False,melt_out,83.82,116.83999999999999,1998-03-18
412:CO:SNTL,1999,1999-05-11,71,False,melt_out,99.05999999999999,116.83999999999999,1999-04-30
412:CO:SNTL,2000,2000-04-23,53,False,melt_out,144.78,152.39999999999998,2000-02-22
412:CO:SNTL,2001,2001-05-08,68,False,melt_out,68.58,81.28,2001-03-17
412:CO:SNTL,2002,2002-04-03,33,False,melt_out,106.67999999999999,116.83999999999999,2002-03-03
412:CO:SNTL,2003,2003-04-22,52,False,melt_out,134.61999999999998,200.66,2003-03-28
412:CO:SNTL,2004,2004-04-26,56,False,melt_out,66.03999999999999,91.44,2004-02-12
412:CO:SNTL,2005,2005-05-06,66,False,melt_out,167.64,170.18,2005-03-02
412:CO:SNTL,2006,2006-04-08,38,False,melt_out,127.0,152.39999999999998,2006-02-19
412:CO:SNTL,2007,2007-04-15,45,False,melt_out,208.27999999999997,215.89999999999998,2007-03-03
412:CO:SNTL,2008,2008-04-22,52,False,melt_out,154.93999999999997,162.56,2008-02-26
412:CO:SNTL,2009,2009-04-27,57,False,melt_out,137.16,147.32,2009-02-21
412:CO:SNTL,2010,2010-05-18,78,False,melt_out,116.83999999999999,124.46000000000001,2010-03-08
412:CO:SNTL,2011,2011-05-22,82,False,melt_out,208.27999999999997,220.97999999999996,2011-03-10
412:CO:SNTL,2012,2012-04-04,34,False,melt_out,195.57999999999998,200.66,2012-03-03
412:CO:SNTL,2013,2013-05-11,71,False,melt_out,66.03999999999999,73.66,2013-04-23
412:CO:SNTL,2014,2014-04-17,47,False,melt_out,218.43999999999997,231.14,2014-03-07
412:CO:SNTL,2015,2015-05-22,82,False,melt_out,198.11999999999998,228.6,2015-03-07
412:CO:SNTL,2016,2016-05-03,63,False,melt_out,109.21999999999998,114.3,2016-02-24
412:CO:SNTL,2017,2017-04-09,39,False,melt_out,208.27999999999997,256.53999999999996,2017-02-08
412:CO:SNTL,2018,2018-05-04,64,False,melt_out,81.28,81.28,2018-02-19
412:CO:SNTL,2019,2019-05-24,84,False,melt_out,142.23999999999998,226.06,2019-03-14
412:CO:SNTL,2020,2020-05-01,61,False,melt_out,157.48,157.48,2020-03-01
412:CO:SNTL,2021,2021-05-31,91,False,melt_out,116.83999999999999,134.61999999999998,2021-03-16
412:CO:SNTL,2022,2022-04-09,39,False,melt_out,200.66,223.52,2022-03-17
412:CO:SNTL,2023,2023-04-14,44,False,melt_out,195.57999999999998,205.73999999999998,2023-03-26
412:CO:SNTL,2024,2024-05-08,68,False,melt_out,106.67999999999999,170.18,2024-03-14
412:CO:SNTL,2025,2025-05-09,69,False,melt_out,109.21999999999998,139.7,2025-02-21
422:OR:SNTL,1991,1991-04-15,45,False,melt_out,20.32,60.959999999999994,1991-01-15
422:OR:SNTL,1992,1992-03-01,0,False,gone_at_origin,0.0,124.46000000000001,1992-02-10
422:OR:SNTL,1993,1993-03-24,23,False,melt_out,157.48,160.01999999999998,1993-03-02
422:OR:SNTL,1994,1994-03-28,27,False,melt_out,167.64,170.18,1994-02-25
422:OR:SNTL,1995,1995-04-21,51,False,melt_out,0.0,127.0,1994-12-26
422:OR:SNTL,1996,1996-04-04,34,False,melt_out,27.94,91.44,1996-02-03
422:OR:SNTL,1997,1997-03-25,24,False,melt_out,127.0,152.39999999999998,1997-03-16
422:OR:SNTL,1998,1998-03-27,26,False,melt_out,175.26,200.66,1998-03-09
422:OR:SNTL,1999,1999-04-14,44,False,melt_out,149.86,160.01999999999998,1999-03-06
422:OR:SNTL,2000,2000-04-05,35,False,melt_out,129.54,160.01999999999998,2000-03-11
422:OR:SNTL,2001,2001-04-19,49,False,melt_out,137.16,154.93999999999997,2001-02-26
422:OR:SNTL,2002,2002-04-05,35,False,melt_out,134.61999999999998,205.73999999999998,2002-03-19
422:OR:SNTL,2003,2003-03-17,16,False,melt_out,55.88,88.89999999999999,2003-03-08
422:OR:SNTL,2004,2004-03-21,20,False,melt_out,187.96,220.97999999999996,2004-03-05
422:OR:SNTL,2006,2006-04-02,32,False,melt_out,63.5,96.52,2006-03-20
422:OR:SNTL,2007,2007-03-11,10,False,melt_out,45.72,71.11999999999999,2007-01-07
422:OR:SNTL,2008,2008-05-07,67,False,melt_out,167.64,190.5,2008-02-16
422:OR:SNTL,2009,2009-04-11,41,False,melt_out,93.98,132.07999999999998,2009-04-02
422:OR:SNTL,2010,2010-04-09,39,False,melt_out,40.64,83.82,2010-01-03
422:OR:SNTL,2011,2011-04-07,37,False,melt_out,68.58,106.67999999999999,2011-03-29
422:OR:SNTL,2012,2012-04-06,36,False,melt_out,45.72,66.03999999999999,2012-02-20
422:OR:SNTL,2013,2013-03-27,26,False,melt_out,124.46000000000001,132.07999999999998,2013-02-28
422:OR:SNTL,2014,2014-03-09,8,False,melt_out,76.19999999999999,106.67999999999999,2014-02-22
422:OR:SNTL,2015,2015-03-01,0,False,gone_at_origin,0.0,53.339999999999996,2015-01-04
422:OR:SNTL,2016,2016-03-18,17,False,melt_out,0.0,93.98,2016-02-04
422:OR:SNTL,2017,2017-03-27,26,False,melt_out,81.28,129.54,2017-02-08
422:OR:SNTL,2018,2018-03-14,13,False,melt_out,58.419999999999995,66.03999999999999,2018-03-08
422:OR:SNTL,2019,2019-04-13,43,False,melt_out,170.18,175.26,2019-03-06
422:OR:SNTL,2020,2020-04-04,34,False,melt_out,139.7,160.01999999999998,2020-02-05
422:OR:SNTL,2021,2021-04-04,34,False,melt_out,162.56,165.1,2021-02-27
422:OR:SNTL,2022,2022-04-23,53,False,melt_out,78.74,142.23999999999998,2022-01-05
422:OR:SNTL,2023,2023-04-28,58,False,melt_out,96.52,149.86,2023-04-03
422:OR:SNTL,2024,2024-03-16,15,False,melt_out,35.559999999999995,101.6,2024-01-18
422:OR:SNTL,2025,2025-03-31,30,False,melt_out,83.82,137.16,2025-02-19
428:CA:SNTL,1991,1991-05-24,84,False,melt_out,139.7,538.4799999999999,1991-03-26
428:CA:SNTL,1992,1992-04-23,53,False,melt_out,411.47999999999996,464.82,1992-02-19
428:CA:SNTL,1993,1993-06-08,99,False,melt_out,1336.04,1336.04,1993-02-26
428:CA:SNTL,1994,1994-05-07,67,False,melt_out,617.22,619.7599999999999,1994-02-27
428:CA:SNTL,1995,1995-06-27,118,False,melt_out,1010.9199999999998,1592.58,1995-04-22
428:CA:SNTL,1996,1996-05-23,83,False,melt_out,782.3199999999999,949.9599999999999,1996-03-13
428:CA:SNTL,1997,1997-05-24,84,False,melt_out,1198.88,1264.9199999999998,1997-03-09
428:CA:SNTL,1998,1998-06-24,115,False,melt_out,1178.56,1336.04,1998-04-17
428:CA:SNTL,1999,1999-06-06,97,False,melt_out,1290.32,1422.3999999999999,1999-04-12
428:CA:SNTL,2000,2000-05-20,80,False,melt_out,1069.34,1165.86,2000-03-11
428:CA:SNTL,2001,2001-05-05,65,False,melt_out,551.18,632.4599999999999,2001-03-05
428:CA:SNTL,2002,2002-05-08,68,False,melt_out,670.56,863.5999999999999,2002-03-24
428:CA:SNTL,2003,2003-06-05,96,False,melt_out,723.9,985.5199999999999,2003-05-09
428:CA:SNTL,2004,2004-05-04,64,False,melt_out,982.98,985.5199999999999,2004-03-03
428:CA:SNTL,2005,2005-06-01,92,False,melt_out,873.7599999999999,1122.68,2005-04-08
428:CA:SNTL,2006,2006-06-03,94,False,melt_out,698.5,1440.18,2006-04-16
428:CA:SNTL,2007,2007-05-08,68,False,melt_out,701.04,701.04,2007-02-28
428:CA:SNTL,2008,2008-05-27,87,False,melt_out,939.8,939.8,2008-02-24
428:CA:SNTL,2009,2009-05-16,76,False,melt_out,751.84,952.5,2009-03-22
428:CA:SNTL,2010,2010-06-12,103,False,melt_out,835.66,1092.2,2010-04-12
428:CA:SNTL,2011,2011-06-30,121,False,melt_out,1191.26,1836.4199999999998,2011-03-26
428:CA:SNTL,2012,2012-05-10,70,False,melt_out,266.7,675.64,2012-04-13
428:CA:SNTL,2013,2013-04-19,49,False,melt_out,477.52,518.16,2013-03-08
428:CA:SNTL,2014,2014-05-21,81,False,melt_out,203.2,297.17999999999995,2014-04-04
428:CA:SNTL,2015,2015-04-26,56,False,melt_out,104.13999999999999,177.79999999999998,2014-12-30
428:CA:SNTL,2016,2016-05-23,83,False,melt_out,693.42,972.8199999999998,2016-03-21
428:CA:SNTL,2017,2017-06-13,104,False,melt_out,1579.8799999999999,1762.76,2017-04-17
428:CA:SNTL,2018,2018-05-04,64,False,melt_out,210.82,546.1,2018-03-25
428:CA:SNTL,2019,2019-06-16,107,False,melt_out,1430.0199999999998,1706.8799999999999,2019-04-08
428:CA:SNTL,2020,2020-05-20,80,False,melt_out,350.52,589.28,2020-04-06
428:CA:SNTL,2021,2021-04-30,60,False,melt_out,665.4799999999999,751.84,2021-03-22
428:CA:SNTL,2022,2022-05-13,73,False,melt_out,650.24,701.04,2022-01-11
428:CA:SNTL,2023,2023-06-16,107,False,melt_out,1320.8,1968.5,2023-04-08
428:CA:SNTL,2024,2024-05-20,80,False,melt_out,805.18,1023.6199999999999,2024-03-31
428:CA:SNTL,2025,2025-05-16,76,False,melt_out,635.0,861.06,2025-04-03
433:MT:SNTL,1991,1991-05-15,75,False,melt_out,175.26,251.46,1991-03-30
433:MT:SNTL,1992,1992-04-22,52,False,melt_out,195.57999999999998,195.57999999999998,1992-03-01
433:MT:SNTL,1993,1993-05-08,68,False,melt_out,160.01999999999998,200.66,1993-03-21
433:MT:SNTL,1994,1994-05-05,65,False,melt_out,177.79999999999998,200.66,1994-04-07
433:MT:SNTL,1995,1995-05-11,71,False,melt_out,165.1,205.73999999999998,1995-03-28
433:MT:SNTL,1996,1996-05-19,79,False,melt_out,251.46,287.02,1996-03-22
433:MT:SNTL,1997,1997-05-23,83,False,melt_out,434.34000000000003,500.37999999999994,1997-04-11
433:MT:SNTL,1998,1998-05-09,69,False,melt_out,220.97999999999996,269.23999999999995,1998-04-17
433:MT:SNTL,1999,1999-05-31,91,False,melt_out,325.12,365.76,1999-04-04
433:MT:SNTL,2000,2000-04-29,59,False,melt_out,236.22,259.08,2000-03-24
433:MT:SNTL,2001,2001-05-09,69,False,melt_out,160.01999999999998,208.27999999999997,2001-04-14
433:MT:SNTL,2002,2002-05-23,83,False,melt_out,170.18,236.22,2002-04-03
433:MT:SNTL,2003,2003-05-22,82,False,melt_out,248.92000000000002,365.76,2003-04-06
433:MT:SNTL,2004,2004-04-30,60,False,melt_out,236.22,266.7,2004-03-14
433:MT:SNTL,2005,2005-05-12,72,False,melt_out,157.48,198.11999999999998,2005-04-03
433:MT:SNTL,2006,2006-05-04,64,False,melt_out,233.67999999999998,279.4,2006-03-22
433:MT:SNTL,2007,2007-05-04,64,False,melt_out,233.67999999999998,243.83999999999997,2007-03-08
433:MT:SNTL,2008,2008-05-19,79,False,melt_out,304.79999999999995,365.76,2008-04-07
433:MT:SNTL,2009,2009-05-19,79,False,melt_out,220.97999999999996,330.2,2009-04-03
433:MT:SNTL,2010,2010-05-25,85,False,melt_out,144.78,200.66,2010-04-08
433:MT:SNTL,2011,2011-05-23,83,False,melt_out,251.46,342.9,2011-04-09
433:MT:SNTL,2012,2012-04-28,58,False,melt_out,254.0,327.65999999999997,2012-03-21
433:MT:SNTL,2013,2013-05-02,62,False,melt_out,210.82,246.37999999999997,2013-03-22
433:MT:SNTL,2014,2014-05-21,81,False,melt_out,345.44,447.04,2014-04-02
433:MT:SNTL,2015,2015-04-22,52,False,melt_out,200.66,213.35999999999999,2015-02-16
433:MT:SNTL,2016,2016-04-22,52,False,melt_out,200.66,233.67999999999998,2016-03-28
433:MT:SNTL,2017,2017-05-19,79,False,melt_out,233.67999999999998,312.42,2017-03-12
433:MT:SNTL,2018,2018-05-14,74,False,melt_out,292.09999999999997,414.02,2018-04-08
433:MT:SNTL,2019,2019-05-10,70,False,melt_out,248.92000000000002,264.15999999999997,2019-03-15
433:MT:SNTL,2020,2020-05-04,64,False,melt_out,254.0,281.94,2020-04-03
433:MT:SNTL,2021,2021-04-30,60,False,melt_out,228.6,238.76,2021-03-08
433:MT:SNTL,2022,2022-05-10,70,False,melt_out,205.73999999999998,228.6,2022-03-16
433:MT:SNTL,2023,2023-05-06,66,False,melt_out,185.42,279.4,2023-04-04
433:MT:SNTL,2024,2024-05-24,84,False,melt_out,190.5,208.27999999999997,2024-03-13
433:MT:SNTL,2025,2025-04-15,45,False,melt_out,215.89999999999998,254.0,2025-03-23
445:NV:SNTL,1991,1991-04-12,42,False,melt_out,0.0,53.339999999999996,1991-03-28
445:NV:SNTL,1992,1992-03-07,6,False,melt_out,27.94,99.05999999999999,1992-02-19
445:NV:SNTL,1993,1993-04-14,44,False,melt_out,386.08,393.7,1993-03-04
445:NV:SNTL,1994,1994-03-25,24,False,melt_out,137.16,144.78,1994-02-28
445:NV:SNTL,1995,1995-04-02,32,False,melt_out,157.48,332.73999999999995,1995-01-30
445:NV:SNTL,1996,1996-04-11,41,False,melt_out,281.94,312.42,1996-03-06
445:NV:SNTL,1997,1997-04-07,37,False,melt_out,210.82,223.52,1997-03-03
445:NV:SNTL,1998,1998-05-27,87,False,melt_out,271.78,279.4,1998-03-08
445:NV:SNTL,1999,1999-05-04,64,False,melt_out,254.0,264.15999999999997,1999-03-13
445:NV:SNTL,2000,2000-04-19,49,False,melt_out,281.94,281.94,2000-02-29
445:NV:SNTL,2001,2001-04-12,42,False,melt_out,114.3,129.54,2001-03-05
445:NV:SNTL,2002,2002-04-05,35,False,melt_out,256.53999999999996,284.47999999999996,2002-03-10
445:NV:SNTL,2003,2003-03-01,0,False,gone_at_origin,0.0,101.6,2003-01-16
445:NV:SNTL,2004,2004-03-27,26,False,melt_out,266.7,279.4,2004-03-07
445:NV:SNTL,2005,2005-04-10,40,False,melt_out,58.419999999999995,91.44,2005-02-21
445:NV:SNTL,2006,2006-04-24,54,False,melt_out,162.56,205.73999999999998,2006-03-20
445:NV:SNTL,2007,2007-03-13,12,False,melt_out,58.419999999999995,66.03999999999999,2007-03-04
445:NV:SNTL,2008,2008-04-18,48,False,melt_out,264.15999999999997,266.7,2008-03-09
445:NV:SNTL,2009,2009-03-24,23,False,melt_out,162.56,177.79999999999998,2009-02-22
445:NV:SNTL,2010,2010-04-17,47,False,melt_out,172.72,187.96,2010-03-12
445:NV:SNTL,2011,2011-04-19,49,False,melt_out,160.01999999999998,254.0,2011-03-29
445:NV:SNTL,2012,2012-03-23,22,False,melt_out,50.8,55.88,2012-02-02
445:NV:SNTL,2013,2013-03-09,8,False,melt_out,53.339999999999996,127.0,2013-01-29
445:NV:SNTL,2015,2015-03-05,4,False,melt_out,10.16,83.82,2014-12-20
445:NV:SNTL,2016,2016-03-23,22,False,melt_out,83.82,223.52,2016-02-01
445:NV:SNTL,2017,2017-03-25,24,False,melt_out,243.83999999999997,261.62,2017-02-07
445:NV:SNTL,2019,2019-04-08,38,False,melt_out,279.4,307.34,2019-03-15
445:NV:SNTL,2020,2020-03-31,30,False,melt_out,111.76,139.7,2020-01-28
445:NV:SNTL,2021,2021-04-04,34,False,melt_out,149.86,152.39999999999998,2021-03-12
445:NV:SNTL,2022,2022-03-06,5,False,melt_out,38.099999999999994,142.23999999999998,2021-12-30
445:NV:SNTL,2023,2023-04-27,57,False,melt_out,228.6,391.15999999999997,2023-03-29
445:NV:SNTL,2024,2024-04-12,42,False,melt_out,187.96,205.73999999999998,2024-03-05
445:NV:SNTL,2025,2025-04-03,33,False,melt_out,99.05999999999999,127.0,2025-02-21
446:CA:SNTL,1991,1991-06-12,103,False,melt_out,264.15999999999997,586.74,1991-04-26
446:CA:SNTL,1992,1992-04-29,59,False,melt_out,289.56,353.06,1992-03-07
446:CA:SNTL,1993,1993-06-15,106,False,melt_out,830.58,982.98,1993-04-18
446:CA:SNTL,1994,1994-05-11,71,False,melt_out,386.08,408.94,1994-03-23
446:CA:SNTL,1995,1995-06-26,117,False,melt_out,647.6999999999999,840.74,1995-03-23
446:CA:SNTL,1996,1996-06-10,101,False,melt_out,612.14,810.2599999999999,1996-04-24
446:CA:SNTL,1997,1997-06-09,100,False,melt_out,830.58,901.6999999999999,1997-03-17
446:CA:SNTL,1998,1998-07-01,122,False,melt_out,916.9399999999999,1125.2199999999998,1998-04-18
446:CA:SNTL,1999,1999-06-17,108,False,melt_out,899.16,1178.56,1999-04-12
446:CA:SNTL,2000,2000-05-27,87,False,melt_out,675.64,800.0999999999999,2000-03-18
446:CA:SNTL,2001,2001-05-18,78,False,melt_out,419.09999999999997,535.94,2001-04-20
446:CA:SNTL,2002,2002-06-03,94,False,melt_out,749.3,904.24,2002-03-20
446:CA:SNTL,2003,2003-06-08,99,False,melt_out,416.55999999999995,817.88,2003-05-10
446:CA:SNTL,2004,2004-06-02,93,False,melt_out,833.1199999999999,881.38,2004-03-09
446:CA:SNTL,2005,2005-06-14,105,False,melt_out,571.5,777.24,2005-04-16
446:CA:SNTL,2006,2006-06-16,107,False,melt_out,868.6800000000001,1280.1599999999999,2006-04-19
446:CA:SNTL,2007,2007-05-20,80,False,melt_out,528.3199999999999,563.88,2007-03-10
446:CA:SNTL,2008,2008-06-10,101,False,melt_out,541.02,739.14,2008-04-10
446:CA:SNTL,2009,2009-05-31,91,False,melt_out,464.82,754.38,2009-04-11
446:CA:SNTL,2010,2010-06-22,113,False,melt_out,469.9,688.34,2010-04-15
446:CA:SNTL,2011,2011-07-08,129,False,melt_out,673.0999999999999,1267.4599999999998,2011-04-26
446:CA:SNTL,2012,2012-05-31,91,False,melt_out,302.26,535.94,2012-04-14
446:CA:SNTL,2013,2013-05-28,88,False,melt_out,505.4599999999999,543.56,2013-04-08
446:CA:SNTL,2014,2014-05-24,84,False,melt_out,325.12,424.17999999999995,2014-03-12
446:CA:SNTL,2015,2015-05-17,77,False,melt_out,355.59999999999997,363.21999999999997,2015-03-11
446:CA:SNTL,2016,2016-06-10,101,False,melt_out,731.52,922.0199999999999,2016-03-28
446:CA:SNTL,2017,2017-06-25,116,False,melt_out,955.04,1292.86,2017-04-30
446:CA:SNTL,2018,2018-05-25,85,False,melt_out,403.86,617.22,2018-04-19
446:CA:SNTL,2019,2019-06-20,111,False,melt_out,858.5199999999999,1168.3999999999999,2019-04-08
446:CA:SNTL,2020,2020-06-01,92,False,melt_out,642.62,815.34,2020-04-06
446:CA:SNTL,2021,2021-05-24,84,False,melt_out,563.88,627.38,2021-03-26
446:CA:SNTL,2022,2022-06-03,94,False,melt_out,518.16,568.9599999999999,2022-04-22
446:CA:SNTL,2023,2023-06-15,106,False,melt_out,713.74,1163.32,2023-04-10
446:CA:SNTL,2024,2024-06-08,99,False,melt_out,718.8199999999999,939.8,2024-04-09
446:CA:SNTL,2025,2025-06-06,97,False,melt_out,1016.0,1155.7,2025-04-05
468:WY:SNTL,1991,1991-06-04,95,False,melt_out,208.27999999999997,340.36,1991-05-06
468:WY:SNTL,1992,1992-05-08,68,False,melt_out,220.97999999999996,254.0,1992-03-29
468:WY:SNTL,1993,1993-06-01,92,False,melt_out,264.15999999999997,439.42,1993-05-06
468:WY:SNTL,1994,1994-05-13,73,False,melt_out,223.52,281.94,1994-04-07
468:WY:SNTL,1995,1995-06-19,110,False,melt_out,228.6,457.2,1995-05-14
468:WY:SNTL,1996,1996-06-08,99,False,melt_out,307.34,398.78,1996-05-02
468:WY:SNTL,1997,1997-05-27,87,False,melt_out,419.09999999999997,485.14,1997-05-02
468:WY:SNTL,1998,1998-06-10,101,False,melt_out,243.83999999999997,363.21999999999997,1998-04-18
468:WY:SNTL,1999,1999-06-10,101,False,melt_out,317.5,408.94,1999-04-30
468:WY:SNTL,2000,2000-05-22,82,False,melt_out,259.08,309.87999999999994,2000-03-26
468:WY:SNTL,2001,2001-05-17,77,False,melt_out,238.76,340.36,2001-04-21
468:WY:SNTL,2002,2002-05-30,90,False,melt_out,205.73999999999998,297.17999999999995,2002-05-01
468:WY:SNTL,2003,2003-05-25,85,False,melt_out,251.46,345.44,2003-03-28
468:WY:SNTL,2004,2004-06-13,104,False,melt_out,266.7,281.94,2004-03-16
468:WY:SNTL,2005,2005-06-03,94,False,melt_out,238.76,347.97999999999996,2005-05-12
468:WY:SNTL,2006,2006-05-22,82,False,melt_out,307.34,391.15999999999997,2006-04-06
468:WY:SNTL,2007,2007-05-14,74,False,melt_out,198.11999999999998,297.17999999999995,2007-04-23
468:WY:SNTL,2008,2008-06-02,93,False,melt_out,236.22,297.17999999999995,2008-04-28
468:WY:SNTL,2009,2009-05-27,87,False,melt_out,276.86,396.23999999999995,2009-04-16
468:WY:SNTL,2010,2010-05-31,91,False,melt_out,162.56,236.22,2010-04-13
468:WY:SNTL,2011,2011-06-16,107,False,melt_out,271.78,454.6599999999999,2011-05-10
468:WY:SNTL,2012,2012-05-20,80,False,melt_out,294.64,360.67999999999995,2012-04-07
468:WY:SNTL,2013,2013-05-16,76,False,melt_out,195.57999999999998,274.32,2013-04-23
468:WY:SNTL,2014,2014-06-20,111,False,melt_out,393.7,467.35999999999996,2014-04-28
468:WY:SNTL,2015,2015-05-24,84,False,melt_out,231.14,254.0,2015-03-26
468:WY:SNTL,2016,2016-05-27,87,False,melt_out,177.79999999999998,236.22,2016-05-01
468:WY:SNTL,2017,2017-06-02,93,False,melt_out,411.47999999999996,530.8599999999999,2017-04-27
468:WY:SNTL,2018,2018-05-24,84,False,melt_out,251.46,342.9,2018-04-10
468:WY:SNTL,2019,2019-06-08,99,False,melt_out,274.32,363.21999999999997,2019-04-16
468:WY:SNTL,2020,2020-06-08,99,False,melt_out,231.14,287.02,2020-04-17
468:WY:SNTL,2021,2021-05-26,86,False,melt_out,213.35999999999999,261.62,2021-04-27
468:WY:SNTL,2022,2022-06-02,93,False,melt_out,157.48,243.83999999999997,2022-04-29
468:WY:SNTL,2023,2023-05-22,82,False,melt_out,236.22,327.65999999999997,2023-04-07
468:WY:SNTL,2024,2024-05-26,86,False,melt_out,200.66,302.26,2024-04-08
468:WY:SNTL,2025,2025-05-21,81,False,melt_out,256.53999999999996,327.65999999999997,2025-03-31
474:UT:SNTL,1991,1991-06-07,98,False,melt_out,551.18,886.4599999999999,1991-05-03
474:UT:SNTL,1992,1992-05-02,62,False,melt_out,429.25999999999993,556.2599999999999,1992-03-27
474:UT:SNTL,1993,1993-06-14,105,False,melt_out,817.88,1000.7599999999999,1993-05-08
474:UT:SNTL,1994,1994-05-21,81,False,melt_out,518.16,728.9799999999999,1994-04-11
474:UT:SNTL,1995,1995-06-20,111,False,melt_out,756.92,1074.4199999999998,1995-05-13
474:UT:SNTL,1996,1996-06-05,96,False,melt_out,683.2599999999999,965.1999999999999,1996-04-21
474:UT:SNTL,1997,1997-06-05,96,False,melt_out,1191.26,1348.74,1997-04-09
474:UT:SNTL,1998,1998-06-21,112,False,melt_out,967.74,1259.84,1998-04-18
474:UT:SNTL,1999,1999-06-12,103,False,melt_out,612.14,955.04,1999-05-06
474:UT:SNTL,2000,2000-05-23,83,False,melt_out,769.62,998.2199999999999,2000-04-02
474:UT:SNTL,2001,2001-05-22,82,False,melt_out,622.3,886.4599999999999,2001-04-21
474:UT:SNTL,2002,2002-05-31,91,False,melt_out,635.0,863.5999999999999,2002-03-31
474:UT:SNTL,2003,2003-05-26,86,False,melt_out,487.67999999999995,655.3199999999999,2003-04-08
474:UT:SNTL,2004,2004-05-30,90,False,melt_out,1023.6199999999999,1097.28,2004-03-12
474:UT:SNTL,2005,2005-06-17,108,False,melt_out,1008.38,1432.56,2005-04-11
474:UT:SNTL,2006,2006-06-06,97,False,melt_out,929.64,1450.34,2006-04-11
474:UT:SNTL,2007,2007-05-18,78,False,melt_out,591.8199999999999,629.92,2007-03-10
474:UT:SNTL,2008,2008-06-12,103,False,melt_out,858.5199999999999,1003.3,2008-04-10
474:UT:SNTL,2009,2009-05-31,91,False,melt_out,850.9,1300.48,2009-04-16
474:UT:SNTL,2010,2010-06-12,103,False,melt_out,444.5,739.14,2010-04-13
474:UT:SNTL,2011,2011-07-02,123,False,melt_out,1092.2,1696.7199999999998,2011-04-30
474:UT:SNTL,2012,2012-05-16,76,False,melt_out,525.78,609.5999999999999,2012-04-18
474:UT:SNTL,2013,2013-05-23,83,False,melt_out,668.02,886.4599999999999,2013-04-22
474:UT:SNTL,2014,2014-05-28,88,False,melt_out,665.4799999999999,861.06,2014-04-07
474:UT:SNTL,2015,2015-05-27,87,False,melt_out,467.35999999999996,607.06,2015-04-17
474:UT:SNTL,2016,2016-05-28,88,False,melt_out,624.84,772.16,2016-03-30
474:UT:SNTL,2017,2017-06-15,106,False,melt_out,1059.18,1211.58,2017-04-28
474:UT:SNTL,2018,2018-05-12,72,False,melt_out,365.76,500.37999999999994,2018-03-26
474:UT:SNTL,2019,2019-06-13,104,False,melt_out,759.4599999999999,1132.84,2019-04-16
474:UT:SNTL,2020,2020-06-09,100,False,melt_out,690.88,807.72,2020-04-01
474:UT:SNTL,2021,2021-05-25,85,False,melt_out,495.29999999999995,622.3,2021-04-27
474:UT:SNTL,2022,2022-06-04,95,False,melt_out,452.12,622.3,2022-04-15
474:UT:SNTL,2023,2023-06-15,106,False,melt_out,1061.7199999999998,1780.5399999999997,2023-04-23
474:UT:SNTL,2024,2024-06-07,98,False,melt_out,774.6999999999999,1059.18,2024-04-06
474:UT:SNTL,2025,2025-05-27,87,False,melt_out,609.5999999999999,904.24,2025-04-04
476:NV:SNTL,1991,1991-06-01,92,False,melt_out,269.23999999999995,426.71999999999997,1991-05-02
476:NV:SNTL,1992,1992-04-13,43,False,melt_out,193.04,218.43999999999997,1992-03-19
476:NV:SNTL,1993,1993-05-19,79,False,melt_out,497.84000000000003,604.52,1993-03-17
476:NV:SNTL,1994,1994-05-11,71,False,melt_out,274.32,373.37999999999994,1994-04-12
476:NV:SNTL,1995,1995-05-26,86,False,melt_out,459.74,574.04,1995-05-07
476:NV:SNTL,1996,1996-05-12,72,False,melt_out,299.72,469.9,1996-04-03
476:NV:SNTL,1997,1997-05-13,73,False,melt_out,490.21999999999997,556.2599999999999,1997-03-16
476:NV:SNTL,1998,1998-06-01,92,False,melt_out,340.36,485.14,1998-04-16
476:NV:SNTL,1999,1999-05-26,86,False,melt_out,416.55999999999995,535.94,1999-04-08
476:NV:SNTL,2000,2000-04-29,59,False,melt_out,386.08,469.9,2000-03-23
476:NV:SNTL,2001,2001-05-09,69,False,melt_out,312.42,388.62,2001-04-20
476:NV:SNTL,2002,2002-05-24,84,False,melt_out,337.82,414.02,2002-03-24
476:NV:SNTL,2003,2003-05-22,82,False,melt_out,236.22,375.92,2003-04-07
476:NV:SNTL,2004,2004-05-13,73,False,melt_out,441.9599999999999,472.44,2004-03-10
476:NV:SNTL,2005,2005-05-25,85,False,melt_out,256.53999999999996,469.9,2005-04-28
476:NV:SNTL,2006,2006-05-13,73,False,melt_out,368.29999999999995,538.4799999999999,2006-04-17
476:NV:SNTL,2007,2007-05-05,65,False,melt_out,276.86,299.72,2007-03-09
476:NV:SNTL,2008,2008-05-23,83,False,melt_out,279.4,411.47999999999996,2008-04-10
476:NV:SNTL,2009,2009-05-12,72,False,melt_out,317.5,424.17999999999995,2009-04-15
476:NV:SNTL,2010,2010-05-30,90,False,melt_out,294.64,436.87999999999994,2010-04-05
476:NV:SNTL,2011,2011-06-11,102,False,melt_out,335.28,640.0799999999999,2011-04-29
476:NV:SNTL,2012,2012-04-22,52,False,melt_out,220.97999999999996,246.37999999999997,2012-03-29
476:NV:SNTL,2013,2013-04-27,57,False,melt_out,279.4,320.03999999999996,2013-03-25
476:NV:SNTL,2014,2014-05-11,71,False,melt_out,248.92000000000002,337.82,2014-04-02
476:NV:SNTL,2015,2015-04-28,58,False,melt_out,228.6,264.15999999999997,2015-02-03
476:NV:SNTL,2016,2016-05-06,66,False,melt_out,441.9599999999999,515.62,2016-03-30
476:NV:SNTL,2017,2017-05-19,79,False,melt_out,447.04,500.37999999999994,2017-03-09
476:NV:SNTL,2018,2018-04-25,55,False,melt_out,172.72,266.7,2018-03-28
476:NV:SNTL,2019,2019-05-27,87,False,melt_out,434.34000000000003,543.56,2019-04-02
476:NV:SNTL,2020,2020-04-30,60,False,melt_out,396.23999999999995,467.35999999999996,2020-04-06
476:NV:SNTL,2021,2021-05-03,63,False,melt_out,289.56,358.14,2021-03-25
476:NV:SNTL,2022,2022-05-16,76,False,melt_out,226.06,271.78,2022-03-20
476:NV:SNTL,2023,2023-05-17,77,False,melt_out,414.02,614.68,2023-04-06
476:NV:SNTL,2024,2024-05-19,79,False,melt_out,510.54,599.44,2024-03-31
476:NV:SNTL,2025,2025-05-05,65,False,melt_out,375.92,467.35999999999996,2025-04-03
478:WA:SNTL,1991,1991-05-29,89,False,melt_out,571.5,777.24,1991-04-12
478:WA:SNTL,1992,1992-05-03,63,False,melt_out,538.4799999999999,556.2599999999999,1992-02-21
478:WA:SNTL,1993,1993-05-14,74,False,melt_out,485.14,548.64,1993-03-22
478:WA:SNTL,1994,1994-05-19,79,False,melt_out,744.22,779.78,1994-03-21
478:WA:SNTL,1995,1995-05-27,87,False,melt_out,873.7599999999999,927.0999999999999,1995-02-19
478:WA:SNTL,1996,1996-06-02,93,False,melt_out,886.4599999999999,949.9599999999999,1996-03-09
478:WA:SNTL,1997,1997-06-17,108,False,melt_out,1193.8,1435.1,1997-03-18
478:WA:SNTL,1998,1998-05-30,90,False,melt_out,731.52,764.54,1998-03-09
478:WA:SNTL,1999,1999-07-07,128,False,melt_out,1310.6399999999999,1407.1599999999999,1999-04-01
478:WA:SNTL,2000,2000-06-05,96,False,melt_out,817.88,922.0199999999999,2000-03-22
478:WA:SNTL,2001,2001-05-21,81,False,melt_out,403.86,439.42,2001-04-12
478:WA:SNTL,2002,2002-06-10,101,False,melt_out,726.4399999999999,909.3199999999998,2002-03-30
478:WA:SNTL,2003,2003-05-27,87,False,melt_out,444.5,601.9799999999999,2003-03-27
478:WA:SNTL,2004,2004-05-19,79,False,melt_out,637.54,695.9599999999999,2004-03-07
478:WA:SNTL,2005,2005-05-02,62,False,melt_out,200.66,266.7,2005-04-02
478:WA:SNTL,2006,2006-06-06,97,False,melt_out,899.16,975.3599999999999,2006-03-19
478:WA:SNTL,2007,2007-05-21,81,False,melt_out,789.9399999999999,807.72,2007-03-10
478:WA:SNTL,2008,2008-06-10,101,False,melt_out,896.6199999999999,985.5199999999999,2008-04-07
478:WA:SNTL,2009,2009-05-31,91,False,melt_out,510.54,767.0799999999999,2009-04-02
478:WA:SNTL,2010,2010-05-30,90,False,melt_out,492.75999999999993,619.7599999999999,2010-04-10
478:WA:SNTL,2011,2011-06-10,101,False,melt_out,579.12,835.66,2011-04-15
478:WA:SNTL,2012,2012-06-10,101,False,melt_out,797.56,1056.6399999999999,2012-04-02
478:WA:SNTL,2013,2013-05-24,84,False,melt_out,617.22,690.88,2013-03-25
478:WA:SNTL,2014,2014-05-28,88,False,melt_out,645.16,749.3,2014-03-31
478:WA:SNTL,2015,2015-04-23,53,False,melt_out,309.87999999999994,342.9,2015-02-05
478:WA:SNTL,2016,2016-05-13,73,False,melt_out,688.34,779.78,2016-03-26
478:WA:SNTL,2017,2017-05-28,88,False,melt_out,571.5,746.7599999999999,2017-03-29
478:WA:SNTL,2018,2018-05-23,83,False,melt_out,728.9799999999999,815.34,2018-04-04
478:WA:SNTL,2019,2019-05-17,77,False,melt_out,607.06,632.4599999999999,2019-03-11
478:WA:SNTL,2020,2020-05-23,83,False,melt_out,670.56,698.5,2020-04-04
478:WA:SNTL,2021,2021-06-02,93,False,melt_out,967.74,1038.86,2021-03-31
478:WA:SNTL,2022,2022-06-08,99,False,melt_out,657.8599999999999,749.3,2022-04-20
478:WA:SNTL,2023,2023-05-17,77,False,melt_out,500.37999999999994,624.84,2023-04-06
478:WA:SNTL,2024,2024-05-15,75,False,melt_out,523.24,563.88,2024-03-14
478:WA:SNTL,2025,2025-05-08,68,False,melt_out,414.02,485.14,2025-03-23
486:NM:SNTL,1991,1991-04-01,31,False,melt_out,96.52,96.52,1991-03-01
486:NM:SNTL,1992,1992-03-23,22,False,melt_out,119.38,152.39999999999998,1992-03-10
486:NM:SNTL,1993,1993-03-30,29,False,melt_out,165.1,170.18,1993-03-06
486:NM:SNTL,1994,1994-03-15,14,False,melt_out,58.419999999999995,83.82,1994-02-12
486:NM:SNTL,1995,1995-03-16,15,False,melt_out,50.8,124.46000000000001,1995-02-14
486:NM:SNTL,1997,1997-03-18,17,False,melt_out,121.91999999999999,121.91999999999999,1997-02-28
486:NM:SNTL,1998,1998-04-05,35,False,melt_out,124.46000000000001,124.46000000000001,1998-02-28
486:NM:SNTL,2001,2001-04-08,38,False,melt_out,116.83999999999999,116.83999999999999,2001-02-27
486:NM:SNTL,2002,2002-03-01,0,False,gone_at_origin,0.0,53.339999999999996,2002-02-02
486:NM:SNTL,2003,2003-03-28,27,False,melt_out,63.5,78.74,2003-03-06
486:NM:SNTL,2004,2004-03-16,15,False,melt_out,63.5,81.28,2004-03-05
486:NM:SNTL,2005,2005-03-03,2,False,melt_out,10.16,68.58,2005-02-10
486:NM:SNTL,2007,2007-03-12,11,False,melt_out,68.58,78.74,2007-02-04
486:NM:SNTL,2008,2008-03-15,14,False,melt_out,71.11999999999999,99.05999999999999,2008-02-10
486:NM:SNTL,2009,2009-03-05,4,False,melt_out,35.559999999999995,96.52,2009-02-11
486:NM:SNTL,2010,2010-03-31,30,False,melt_out,193.04,193.04,2010-02-28
486:NM:SNTL,2011,2011-03-08,7,False,melt_out,40.64,50.8,2011-02-04
486:NM:SNTL,2012,2012-03-21,20,False,melt_out,60.959999999999994,86.36,2012-02-17
486:NM:SNTL,2013,2013-03-13,12,False,melt_out,40.64,60.959999999999994,2013-01-20
486:NM:SNTL,2014,2014-03-01,0,False,gone_at_origin,0.0,50.8,2013-12-24
486:NM:SNTL,2015,2015-03-03,2,False,melt_out,2.54,50.8,2015-01-31
486:NM:SNTL,2016,2016-03-01,0,False,gone_at_origin,0.0,66.03999999999999,2016-02-05
486:NM:SNTL,2017,2017-03-05,4,False,melt_out,27.94,50.8,2017-01-23
486:NM:SNTL,2019,2019-03-18,17,False,melt_out,48.26,60.959999999999994,2019-02-24
486:NM:SNTL,2020,2020-03-22,21,False,melt_out,55.88,96.52,2020-02-11
486:NM:SNTL,2023,2023-03-25,24,False,melt_out,127.0,134.61999999999998,2023-03-04
486:NM:SNTL,2024,2024-04-02,32,False,melt_out,45.72,106.67999999999999,2024-02-12
488:AZ:SNTL,1991,1991-04-08,38,False,melt_out,121.91999999999999,198.11999999999998,1991-03-28
488:AZ:SNTL,1992,1992-04-07,37,False,melt_out,223.52,299.72,1992-03-08
488:AZ:SNTL,1993,1993-04-05,35,False,melt_out,381.0,381.0,1993-03-01
488:AZ:SNTL,1994,1994-04-29,59,False,melt_out,185.42,193.04,1994-02-23
488:AZ:SNTL,1995,1995-04-02,32,False,melt_out,228.6,281.94,1995-02-17
488:AZ:SNTL,1996,1996-03-17,16,False,melt_out,50.8,53.339999999999996,1996-03-02
488:AZ:SNTL,1997,1997-04-09,39,False,melt_out,182.88,187.96,1997-03-02
488:AZ:SNTL,1998,1998-04-23,53,False,melt_out,274.32,299.72,1998-03-08
488:AZ:SNTL,1999,1999-03-01,0,False,gone_at_origin,0.0,60.959999999999994,1999-04-04
488:AZ:SNTL,2000,2000-04-01,31,False,melt_out,50.8,111.76,2000-03-09
488:AZ:SNTL,2001,2001-04-24,54,False,melt_out,195.57999999999998,238.76,2001-03-11
488:AZ:SNTL,2002,2002-03-03,2,False,melt_out,5.08,83.82,2002-01-07
488:AZ:SNTL,2003,2003-03-22,21,False,melt_out,81.28,83.82,2003-03-04
488:AZ:SNTL,2004,2004-04-02,32,False,melt_out,185.42,198.11999999999998,2004-03-04
488:AZ:SNTL,2005,2005-04-08,38,False,melt_out,337.82,347.97999999999996,2005-02-11
488:AZ:SNTL,2006,2006-03-26,25,False,melt_out,0.0,60.959999999999994,2006-03-22
488:AZ:SNTL,2007,2007-03-13,12,False,melt_out,121.91999999999999,129.54,2007-02-21
488:AZ:SNTL,2008,2008-03-29,28,False,melt_out,340.36,340.36,2008-02-24
488:AZ:SNTL,2009,2009-03-24,23,False,melt_out,289.56,353.06,2009-02-19
488:AZ:SNTL,2010,2010-04-13,43,False,melt_out,454.6599999999999,533.4,2010-03-10
488:AZ:SNTL,2011,2011-04-12,42,False,melt_out,231.14,231.14,2011-02-28
488:AZ:SNTL,2012,2012-03-26,25,False,melt_out,147.32,147.32,2012-02-29
488:AZ:SNTL,2013,2013-03-21,20,False,melt_out,127.0,129.54,2013-02-21
488:AZ:SNTL,2014,2014-03-03,2,False,melt_out,12.7,104.13999999999999,2014-02-08
488:AZ:SNTL,2015,2015-03-14,13,False,melt_out,66.03999999999999,86.36,2015-03-02
488:AZ:SNTL,2016,2016-03-08,7,False,melt_out,68.58,200.66,2016-02-01
488:AZ:SNTL,2017,2017-03-25,24,False,melt_out,266.7,266.7,2017-03-01
488:AZ:SNTL,2018,2018-03-23,22,False,melt_out,116.83999999999999,121.91999999999999,2018-03-02
488:AZ:SNTL,2019,2019-03-31,30,False,melt_out,236.22,238.76,2019-02-22
488:AZ:SNTL,2020,2020-04-14,44,False,melt_out,198.11999999999998,213.35999999999999,2020-01-24
488:AZ:SNTL,2021,2021-03-30,29,False,melt_out,129.54,142.23999999999998,2021-02-13
488:AZ:SNTL,2022,2022-03-30,29,False,melt_out,170.18,175.26,2022-02-25
488:AZ:SNTL,2023,2023-04-18,48,False,melt_out,538.4799999999999,553.72,2023-03-03
488:AZ:SNTL,2024,2024-04-09,39,False,melt_out,190.5,215.89999999999998,2024-02-08
488:AZ:SNTL,2025,2025-04-20,50,False,melt_out,0.0,73.66,2025-03-15
491:NM:SNTL,1991,1991-04-30,60,False,melt_out,340.36,416.55999999999995,1991-03-29
491:NM:SNTL,1992,1992-05-01,61,False,melt_out,226.06,441.9599999999999,1992-03-29
491:NM:SNTL,1993,1993-05-12,72,False,melt_out,340.36,345.44,1993-04-07
491:NM:SNTL,1994,1994-05-15,75,False,melt_out,289.56,434.34000000000003,1994-04-11
491:NM:SNTL,1995,1995-05-30,90,False,melt_out,314.96,337.82,1995-03-05
491:NM:SNTL,1996,1996-04-23,53,False,melt_out,147.32,205.73999999999998,1996-03-27
491:NM:SNTL,1997,1997-05-10,70,False,melt_out,294.64,294.64,1997-02-28
491:NM:SNTL,1998,1998-05-09,69,False,melt_out,215.89999999999998,294.64,1998-04-19
491:NM:SNTL,1999,1999-05-09,69,False,melt_out,149.86,190.5,1999-03-19
491:NM:SNTL,2000,2000-04-28,58,False,melt_out,152.39999999999998,261.62,2000-04-03
491:NM:SNTL,2001,2001-05-07,67,False,melt_out,203.2,236.22,2001-03-19
491:NM:SNTL,2002,2002-04-13,43,False,melt_out,160.01999999999998,162.56,2002-03-06
491:NM:SNTL,2003,2003-05-07,67,False,melt_out,256.53999999999996,375.92,2003-03-27
491:NM:SNTL,2004,2004-05-03,63,False,melt_out,147.32,198.11999999999998,2004-04-11
491:NM:SNTL,2005,2005-05-15,75,False,melt_out,309.87999999999994,401.32,2005-04-01
491:NM:SNTL,2006,2006-04-16,46,False,melt_out,73.66,170.18,2006-04-01
491:NM:SNTL,2007,2007-05-04,64,False,melt_out,254.0,261.62,2007-03-08
491:NM:SNTL,2008,2008-04-23,53,False,melt_out,289.56,322.58,2008-03-10
491:NM:SNTL,2009,2009-04-26,56,False,melt_out,243.83999999999997,256.53999999999996,2009-03-14
491:NM:SNTL,2010,2010-05-03,63,False,melt_out,223.52,299.72,2010-03-27
491:NM:SNTL,2011,2011-04-11,41,False,melt_out,195.57999999999998,210.82,2011-03-09
491:NM:SNTL,2012,2012-04-16,46,False,melt_out,226.06,256.53999999999996,2012-03-11
491:NM:SNTL,2013,2013-04-14,44,False,melt_out,205.73999999999998,223.52,2013-03-09
491:NM:SNTL,2014,2014-04-11,41,False,melt_out,154.93999999999997,167.64,2014-03-14
491:NM:SNTL,2015,2015-04-06,36,False,melt_out,228.6,246.37999999999997,2015-03-04
491:NM:SNTL,2016,2016-04-30,60,False,melt_out,264.15999999999997,269.23999999999995,2016-02-04
491:NM:SNTL,2017,2017-05-03,63,False,melt_out,248.92000000000002,248.92000000000002,2017-03-01
491:NM:SNTL,2018,2018-04-07,37,False,melt_out,93.98,109.21999999999998,2018-03-20
491:NM:SNTL,2019,2019-05-11,71,False,melt_out,261.62,370.84,2019-03-22
491:NM:SNTL,2020,2020-04-15,45,False,melt_out,231.14,254.0,2020-03-13
491:NM:SNTL,2021,2021-04-11,41,False,melt_out,185.42,213.35999999999999,2021-03-14
491:NM:SNTL,2022,2022-04-20,50,False,melt_out,172.72,228.6,2022-03-23
491:NM:SNTL,2023,2023-04-28,58,False,melt_out,243.83999999999997,342.9,2023-03-24
491:NM:SNTL,2024,2024-04-25,55,False,melt_out,261.62,355.59999999999997,2024-03-27
491:NM:SNTL,2025,2025-04-09,39,False,melt_out,99.05999999999999,142.23999999999998,2025-03-16
498:NV:SNTL,1991,1991-06-13,104,False,melt_out,134.61999999999998,492.75999999999993,1991-05-21
498:NV:SNTL,1992,1992-04-27,57,False,melt_out,271.78,271.78,1992-02-24
498:NV:SNTL,1993,1993-06-13,104,False,melt_out,637.54,838.1999999999999,1993-04-18
498:NV:SNTL,1994,1994-05-23,83,False,melt_out,231.14,248.92000000000002,1994-03-06
498:NV:SNTL,1995,1995-06-30,121,False,melt_out,530.8599999999999,1206.5,1995-05-17
498:NV:SNTL,1996,1996-06-08,99,False,melt_out,551.18,828.04,1996-04-26
498:NV:SNTL,1997,1997-06-01,92,False,melt_out,586.74,777.24,1997-05-02
498:NV:SNTL,1998,1998-06-24,115,False,melt_out,568.9599999999999,876.3,1998-04-15
498:NV:SNTL,1999,1999-06-13,104,False,melt_out,584.1999999999999,673.0999999999999,1999-05-04
498:NV:SNTL,2000,2000-05-22,82,False,melt_out,434.34000000000003,581.66,2000-03-29
498:NV:SNTL,2001,2001-05-10,70,False,melt_out,292.09999999999997,340.36,2001-04-13
498:NV:SNTL,2002,2002-05-24,84,False,melt_out,497.84000000000003,604.52,2002-03-26
498:NV:SNTL,2003,2003-05-28,88,False,melt_out,353.06,553.72,2003-05-10
498:NV:SNTL,2004,2004-05-14,74,False,melt_out,609.5999999999999,635.0,2004-03-04
498:NV:SNTL,2005,2005-06-02,93,False,melt_out,424.17999999999995,518.16,2005-04-10
498:NV:SNTL,2006,2006-06-03,94,False,melt_out,533.4,937.2599999999999,2006-04-17
498:NV:SNTL,2007,2007-05-11,71,False,melt_out,342.9,347.97999999999996,2007-03-02
498:NV:SNTL,2008,2008-06-05,96,False,melt_out,414.02,543.56,2008-04-14
498:NV:SNTL,2009,2009-05-18,78,False,melt_out,266.7,398.78,2009-04-16
498:NV:SNTL,2010,2010-06-07,98,False,melt_out,271.78,401.32,2010-04-13
498:NV:SNTL,2011,2011-06-29,120,False,melt_out,497.84000000000003,962.6599999999999,2011-05-02
498:NV:SNTL,2012,2012-05-09,69,False,melt_out,193.04,345.44,2012-04-04
498:NV:SNTL,2013,2013-05-08,68,False,melt_out,393.7,419.09999999999997,2013-03-20
498:NV:SNTL,2014,2014-05-15,75,False,melt_out,231.14,353.06,2014-04-02
498:NV:SNTL,2015,2015-04-30,60,False,melt_out,259.08,264.15999999999997,2015-03-03
498:NV:SNTL,2016,2016-05-23,83,False,melt_out,482.59999999999997,642.62,2016-03-29
498:NV:SNTL,2017,2017-06-16,107,False,melt_out,777.24,922.0199999999999,2017-04-28
498:NV:SNTL,2018,2018-05-16,76,False,melt_out,251.46,378.46,2018-03-25
498:NV:SNTL,2019,2019-06-12,103,False,melt_out,645.16,830.58,2019-04-16
498:NV:SNTL,2020,2020-05-22,82,False,melt_out,398.78,487.67999999999995,2020-04-06
498:NV:SNTL,2021,2021-06-11,102,False,melt_out,457.2,525.78,2021-03-25
498:NV:SNTL,2022,2022-06-01,92,False,melt_out,337.82,391.15999999999997,2022-04-21
498:NV:SNTL,2023,2023-06-09,100,False,melt_out,617.22,967.74,2023-04-08
498:NV:SNTL,2024,2024-05-31,91,False,melt_out,541.02,764.54,2024-04-05
498:NV:SNTL,2025,2025-05-23,83,False,melt_out,579.12,767.0799999999999,2025-04-04
502:WA:SNTL,1991,1991-06-04,95,False,melt_out,325.12,492.75999999999993,1991-04-08
502:WA:SNTL,1992,1992-05-17,77,False,melt_out,368.29999999999995,419.09999999999997,1992-04-14
502:WA:SNTL,1993,1993-05-25,85,False,melt_out,426.71999999999997,551.18,1993-04-21
502:WA:SNTL,1994,1994-05-23,83,False,melt_out,429.25999999999993,477.52,1994-04-13
502:WA:SNTL,1995,1995-06-13,104,False,melt_out,576.5799999999999,774.6999999999999,1995-05-07
502:WA:SNTL,1996,1996-06-06,97,False,melt_out,505.4599999999999,548.64,1996-03-31
502:WA:SNTL,1997,1997-06-21,112,False,melt_out,828.04,1099.82,1997-05-01
502:WA:SNTL,1998,1998-06-11,102,False,melt_out,556.2599999999999,662.94,1998-04-13
502:WA:SNTL,1999,1999-06-16,107,False,melt_out,894.08,1097.28,1999-04-07
502:WA:SNTL,2000,2000-06-03,94,False,melt_out,551.18,629.92,2000-04-01
502:WA:SNTL,2001,2001-05-23,83,False,melt_out,279.4,381.0,2001-04-19
502:WA:SNTL,2002,2002-06-05,96,False,melt_out,561.34,683.2599999999999,2002-03-22
502:WA:SNTL,2003,2003-06-05,96,False,melt_out,408.94,574.04,2003-03-26
502:WA:SNTL,2004,2004-05-23,83,False,melt_out,538.4799999999999,601.9799999999999,2004-03-31
502:WA:SNTL,2005,2005-05-12,72,False,melt_out,172.72,261.62,2005-04-15
502:WA:SNTL,2006,2006-06-07,98,False,melt_out,678.18,927.0999999999999,2006-04-19
502:WA:SNTL,2007,2007-05-27,87,False,melt_out,601.9799999999999,655.3199999999999,2007-03-11
502:WA:SNTL,2008,2008-06-09,100,False,melt_out,640.0799999999999,756.92,2008-04-24
502:WA:SNTL,2009,2009-06-07,98,False,melt_out,477.52,713.74,2009-05-07
502:WA:SNTL,2010,2010-06-14,105,False,melt_out,472.44,683.2599999999999,2010-04-15
502:WA:SNTL,2011,2011-06-23,114,False,melt_out,457.2,777.24,2011-05-09
502:WA:SNTL,2012,2012-06-14,105,False,melt_out,652.78,1008.38,2012-04-19
502:WA:SNTL,2013,2013-06-01,92,False,melt_out,538.4799999999999,647.6999999999999,2013-04-20
502:WA:SNTL,2014,2014-05-30,90,False,melt_out,515.62,594.3599999999999,2014-03-29
502:WA:SNTL,2015,2015-05-14,74,False,melt_out,208.27999999999997,226.06,2015-02-09
502:WA:SNTL,2016,2016-05-17,77,False,melt_out,619.7599999999999,789.9399999999999,2016-03-31
502:WA:SNTL,2017,2017-05-31,91,False,melt_out,548.64,695.9599999999999,2017-04-30
502:WA:SNTL,2018,2018-05-16,76,False,melt_out,449.58,558.8,2018-04-18
502:WA:SNTL,2019,2019-05-26,86,False,melt_out,515.62,614.68,2019-04-08
502:WA:SNTL,2020,2020-05-21,81,False,melt_out,487.67999999999995,574.04,2020-04-04
502:WA:SNTL,2021,2021-05-23,83,False,melt_out,596.9,721.3599999999999,2021-04-13
502:WA:SNTL,2022,2022-06-11,102,False,melt_out,378.46,566.42,2022-04-21
502:WA:SNTL,2023,2023-05-25,85,False,melt_out,518.16,769.62,2023-04-22
502:WA:SNTL,2024,2024-05-25,85,False,melt_out,459.74,558.8,2024-03-30
502:WA:SNTL,2025,2025-05-24,84,False,melt_out,571.5,716.28,2025-04-06
511:AZ:SNTL,1991,1991-04-29,59,False,melt_out,490.21999999999997,612.14,1991-03-31
511:AZ:SNTL,1992,1992-04-25,55,False,melt_out,347.97999999999996,416.55999999999995,1992-03-08
511:AZ:SNTL,1993,1993-05-03,63,False,melt_out,665.4799999999999,670.56,1993-03-03
511:AZ:SNTL,1994,1994-04-13,43,False,melt_out,223.52,236.22,1994-03-14
511:AZ:SNTL,1995,1995-05-09,69,False,melt_out,396.23999999999995,426.71999999999997,1995-03-12
511:AZ:SNTL,1996,1996-04-09,39,False,melt_out,172.72,172.72,1996-03-01
511:AZ:SNTL,1997,1997-04-19,49,False,melt_out,383.53999999999996,386.08,1997-03-02
511:AZ:SNTL,1998,1998-05-06,66,False,melt_out,429.25999999999993,490.21999999999997,1998-04-03
511:AZ:SNTL,1999,1999-04-18,48,False,melt_out,121.91999999999999,142.23999999999998,1999-02-09
511:AZ:SNTL,2000,2000-03-30,29,False,melt_out,5.08,55.88,2000-03-07
511:AZ:SNTL,2001,2001-04-25,55,False,melt_out,304.79999999999995,342.9,2001-03-11
511:AZ:SNTL,2002,2002-03-24,23,False,melt_out,119.38,139.7,2002-03-09
511:AZ:SNTL,2003,2003-04-17,47,False,melt_out,233.67999999999998,281.94,2003-03-18
511:AZ:SNTL,2004,2004-04-21,51,False,melt_out,236.22,287.02,2004-03-05
511:AZ:SNTL,2005,2005-05-19,79,False,melt_out,482.59999999999997,495.29999999999995,2005-03-07
511:AZ:SNTL,2006,2006-04-02,32,False,melt_out,0.0,86.36,2006-03-21
511:AZ:SNTL,2007,2007-04-16,46,False,melt_out,233.67999999999998,233.67999999999998,2007-02-25
511:AZ:SNTL,2008,2008-04-16,46,False,melt_out,431.79999999999995,434.34000000000003,2008-03-02
511:AZ:SNTL,2009,2009-04-12,42,False,melt_out,215.89999999999998,243.83999999999997,2009-02-19
511:AZ:SNTL,2010,2010-05-05,65,False,melt_out,454.6599999999999,508.0,2010-03-10
511:AZ:SNTL,2011,2011-04-07,37,False,melt_out,193.04,193.04,2011-02-27
511:AZ:SNTL,2012,2012-04-01,31,False,melt_out,261.62,261.62,2012-02-29
511:AZ:SNTL,2013,2013-04-15,45,False,melt_out,223.52,223.52,2013-02-22
511:AZ:SNTL,2014,2014-03-11,10,False,melt_out,35.559999999999995,104.13999999999999,2014-02-08
511:AZ:SNTL,2015,2015-03-21,20,False,melt_out,137.16,170.18,2015-01-31
511:AZ:SNTL,2016,2016-03-04,3,False,melt_out,12.7,152.39999999999998,2016-02-01
511:AZ:SNTL,2017,2017-03-26,25,False,melt_out,254.0,254.0,2017-03-01
511:AZ:SNTL,2018,2018-03-19,18,False,melt_out,55.88,55.88,2018-03-01
511:AZ:SNTL,2019,2019-04-08,38,False,melt_out,302.26,347.97999999999996,2019-03-14
511:AZ:SNTL,2020,2020-04-03,33,False,melt_out,246.37999999999997,261.62,2020-02-23
511:AZ:SNTL,2021,2021-04-02,32,False,melt_out,78.74,88.89999999999999,2021-02-17
511:AZ:SNTL,2023,2023-04-15,45,False,melt_out,281.94,289.56,2023-03-02
511:AZ:SNTL,2024,2024-04-28,58,False,melt_out,241.29999999999998,302.26,2024-03-28
512:WY:SNTL,1991,1991-05-22,82,False,melt_out,149.86,236.22,1991-05-04
512:WY:SNTL,1992,1992-04-28,58,False,melt_out,134.61999999999998,226.06,1992-03-31
512:WY:SNTL,1993,1993-05-13,73,False,melt_out,121.91999999999999,160.01999999999998,1993-04-15
512:WY:SNTL,1994,1994-05-07,67,False,melt_out,99.05999999999999,162.56,1994-04-11
512:WY:SNTL,1995,1995-06-12,103,False,melt_out,157.48,187.96,1995-05-13
512:WY:SNTL,1996,1996-05-31,91,False,melt_out,144.78,226.06,1996-04-05
512:WY:SNTL,1997,1997-05-19,79,False,melt_out,167.64,195.57999999999998,1997-04-07
512:WY:SNTL,1998,1998-05-19,79,False,melt_out,160.01999999999998,292.09999999999997,1998-04-17
512:WY:SNTL,1999,1999-05-23,83,False,melt_out,114.3,167.64,1999-04-25
512:WY:SNTL,2000,2000-05-20,80,False,melt_out,106.67999999999999,137.16,2000-03-28
512:WY:SNTL,2001,2001-05-04,64,False,melt_out,91.44,160.01999999999998,2001-04-12
512:WY:SNTL,2002,2002-05-24,84,False,melt_out,91.44,144.78,2002-04-04
512:WY:SNTL,2003,2003-05-18,78,False,melt_out,154.93999999999997,248.92000000000002,2003-03-27
512:WY:SNTL,2004,2004-04-29,59,False,melt_out,162.56,167.64,2004-03-06
512:WY:SNTL,2005,2005-05-31,91,False,melt_out,111.76,167.64,2005-03-31
512:WY:SNTL,2006,2006-05-10,70,False,melt_out,86.36,129.54,2006-03-27
512:WY:SNTL,2007,2007-05-10,70,False,melt_out,73.66,121.91999999999999,2007-04-23
512:WY:SNTL,2008,2008-06-03,94,False,melt_out,132.07999999999998,200.66,2008-04-09
512:WY:SNTL,2009,2009-05-12,72,False,melt_out,137.16,203.2,2009-04-04
512:WY:SNTL,2010,2010-05-27,87,False,melt_out,96.52,170.18,2010-04-10
512:WY:SNTL,2011,2011-06-10,101,False,melt_out,134.61999999999998,271.78,2011-05-02
512:WY:SNTL,2012,2012-04-18,48,False,melt_out,149.86,160.01999999999998,2012-03-06
512:WY:SNTL,2013,2013-05-13,73,False,melt_out,116.83999999999999,190.5,2013-04-24
512:WY:SNTL,2014,2014-05-21,81,False,melt_out,190.5,281.94,2014-04-13
512:WY:SNTL,2015,2015-05-27,87,False,melt_out,152.39999999999998,165.1,2015-03-09
512:WY:SNTL,2016,2016-05-18,78,False,melt_out,93.98,170.18,2016-03-30
512:WY:SNTL,2017,2017-05-31,91,False,melt_out,170.18,406.4,2017-04-28
512:WY:SNTL,2018,2018-05-13,73,False,melt_out,167.64,254.0,2018-04-09
512:WY:SNTL,2019,2019-06-02,93,False,melt_out,111.76,149.86,2019-04-13
512:WY:SNTL,2020,2020-05-16,76,False,melt_out,154.93999999999997,210.82,2020-04-17
512:WY:SNTL,2021,2021-05-22,82,False,melt_out,139.7,279.4,2021-04-21
512:WY:SNTL,2022,2022-06-05,96,False,melt_out,124.46000000000001,185.42,2022-04-16
512:WY:SNTL,2023,2023-05-10,70,False,melt_out,165.1,241.29999999999998,2023-04-06
512:WY:SNTL,2024,2024-05-25,85,False,melt_out,93.98,152.39999999999998,2024-04-09
512:WY:SNTL,2025,2025-05-10,70,False,melt_out,83.82,147.32,2025-04-06
514:UT:SNTL,1991,1991-04-26,56,False,melt_out,154.93999999999997,248.92000000000002,1991-03-27
514:UT:SNTL,1992,1992-04-14,44,False,melt_out,175.26,241.29999999999998,1992-03-31
514:UT:SNTL,1993,1993-05-03,63,False,melt_out,614.68,619.7599999999999,1993-03-11
514:UT:SNTL,1994,1994-04-30,60,False,melt_out,190.5,190.5,1994-02-21
514:UT:SNTL,1995,1995-05-06,66,False,melt_out,312.42,353.06,1995-03-12
514:UT:SNTL,1996,1996-03-25,24,False,melt_out,73.66,96.52,1996-03-07
514:UT:SNTL,1997,1997-04-14,44,False,melt_out,208.27999999999997,210.82,1997-03-03
514:UT:SNTL,1998,1998-05-03,63,False,melt_out,233.67999999999998,266.7,1998-04-17
514:UT:SNTL,1999,1999-03-08,7,False,melt_out,33.019999999999996,73.66,1999-02-10
514:UT:SNTL,2000,2000-04-19,49,False,melt_out,142.23999999999998,200.66,2000-03-09
514:UT:SNTL,2001,2001-04-22,52,False,melt_out,220.97999999999996,246.37999999999997,2001-03-11
514:UT:SNTL,2002,2002-03-22,21,False,melt_out,30.479999999999997,68.58,2002-02-18
514:UT:SNTL,2003,2003-04-01,31,False,melt_out,129.54,142.23999999999998,2003-03-08
514:UT:SNTL,2004,2004-04-02,32,False,melt_out,254.0,256.53999999999996,2004-03-02
514:UT:SNTL,2005,2005-05-08,68,False,melt_out,495.29999999999995,581.66,2005-03-29
514:UT:SNTL,2006,2006-04-08,38,False,melt_out,0.0,76.19999999999999,2006-03-29
514:UT:SNTL,2008,2008-04-17,47,False,melt_out,363.21999999999997,365.76,2008-02-26
514:UT:SNTL,2009,2009-04-18,48,False,melt_out,289.56,302.26,2009-03-09
514:UT:SNTL,2010,2010-04-28,58,False,melt_out,327.65999999999997,370.84,2010-03-13
514:UT:SNTL,2011,2011-04-28,58,False,melt_out,406.4,469.9,2011-03-26
514:UT:SNTL,2012,2012-04-27,57,False,melt_out,160.01999999999998,160.01999999999998,2012-03-01
514:UT:SNTL,2013,2013-04-16,46,False,melt_out,121.91999999999999,121.91999999999999,2013-02-23
514:UT:SNTL,2014,2014-03-06,5,False,melt_out,20.32,91.44,2014-01-31
514:UT:SNTL,2015,2015-03-20,19,False,melt_out,73.66,114.3,2015-03-03
514:UT:SNTL,2016,2016-03-13,12,False,melt_out,99.05999999999999,170.18,2016-01-31
514:UT:SNTL,2017,2017-04-05,35,False,melt_out,325.12,335.28,2017-03-05
514:UT:SNTL,2019,2019-05-23,83,False,melt_out,393.7,480.05999999999995,2019-03-21
514:UT:SNTL,2020,2020-04-16,46,False,melt_out,220.97999999999996,243.83999999999997,2020-03-27
514:UT:SNTL,2021,2021-03-28,27,False,melt_out,93.98,96.52,2021-03-03
514:UT:SNTL,2022,2022-04-12,42,False,melt_out,231.14,251.46,2022-03-09
514:UT:SNTL,2023,2023-05-01,61,False,melt_out,421.64,576.5799999999999,2023-04-05
514:UT:SNTL,2024,2024-04-15,45,False,melt_out,193.04,223.52,2024-03-17
514:UT:SNTL,2025,2025-03-30,29,False,melt_out,2.54,88.89999999999999,2025-03-18
515:WA:SNTL,1991,1991-07-06,127,False,melt_out,1577.34,2159.0,1991-05-11
515:WA:SNTL,1992,1992-06-03,94,False,melt_out,853.4399999999999,911.8599999999999,1992-03-24
515:WA:SNTL,1993,1993-06-08,99,False,melt_out,596.9,985.5199999999999,1993-05-05
515:WA:SNTL,1994,1994-06-12,103,False,melt_out,683.2599999999999,795.02,1994-03-26
515:WA:SNTL,1995,1995-06-26,117,False,melt_out,1120.1399999999999,1506.2199999999998,1995-04-26
515:WA:SNTL,1996,1996-07-09,130,False,melt_out,1224.28,1524.0,1996-05-13
515:WA:SNTL,1997,1997-07-04,125,False,melt_out,1150.62,1524.0,1997-05-02
515:WA:SNTL,1998,1998-06-13,104,False,melt_out,924.56,1160.78,1998-04-27
515:WA:SNTL,1999,1999-07-21,142,False,melt_out,1559.56,1922.78,1999-04-16
515:WA:SNTL,2000,2000-06-25,116,False,melt_out,797.56,916.9399999999999,2000-03-31
515:WA:SNTL,2001,2001-06-08,99,False,melt_out,454.6599999999999,622.3,2001-04-24
515:WA:SNTL,2002,2002-07-01,122,False,melt_out,988.06,1374.1399999999999,2002-04-29
515:WA:SNTL,2003,2003-06-22,113,False,melt_out,650.24,942.34,2003-05-18
515:WA:SNTL,2004,2004-06-10,101,False,melt_out,744.22,901.6999999999999,2004-03-29
515:WA:SNTL,2005,2005-05-22,82,False,melt_out,345.44,571.5,2005-04-16
515:WA:SNTL,2006,2006-06-21,112,False,melt_out,975.3599999999999,1264.9199999999998,2006-04-25
515:WA:SNTL,2007,2007-06-23,114,False,melt_out,1099.82,1305.56,2007-04-08
515:WA:SNTL,2008,2008-06-30,121,False,melt_out,889.0,1196.34,2008-05-04
515:WA:SNTL,2009,2009-06-16,107,False,melt_out,617.22,937.2599999999999,2009-05-17
515:WA:SNTL,2010,2010-07-08,129,False,melt_out,678.18,995.6800000000001,2010-05-07
515:WA:SNTL,2011,2011-07-21,142,False,melt_out,1089.6599999999999,1770.3799999999999,2011-05-19
515:WA:SNTL,2012,2012-07-10,131,False,melt_out,1005.84,1457.9599999999998,2012-04-20
515:WA:SNTL,2013,2013-06-29,120,False,melt_out,972.8199999999998,1236.98,2013-05-03
515:WA:SNTL,2014,2014-06-27,118,False,melt_out,883.9199999999998,1338.58,2014-04-29
515:WA:SNTL,2015,2015-06-03,94,False,melt_out,871.2199999999999,998.2199999999999,2015-04-14
515:WA:SNTL,2016,2016-06-09,100,False,melt_out,1239.5199999999998,1488.44,2016-03-29
515:WA:SNTL,2017,2017-06-28,119,False,melt_out,1031.24,1592.58,2017-05-03
515:WA:SNTL,2018,2018-06-18,109,False,melt_out,1183.6399999999999,1511.3,2018-04-21
515:WA:SNTL,2019,2019-06-08,99,False,melt_out,815.34,1000.7599999999999,2019-04-19
515:WA:SNTL,2020,2020-06-23,114,False,melt_out,1021.08,1191.26,2020-04-13
515:WA:SNTL,2021,2021-06-23,114,False,melt_out,1231.8999999999999,1493.5199999999998,2021-04-17
515:WA:SNTL,2022,2022-07-08,129,False,melt_out,1099.82,1473.1999999999998,2022-05-15
515:WA:SNTL,2023,2023-06-03,94,False,melt_out,876.3,1361.44,2023-04-26
515:WA:SNTL,2024,2024-06-18,109,False,melt_out,713.74,919.48,2024-04-26
515:WA:SNTL,2025,2025-06-06,97,False,melt_out,695.9599999999999,942.34,2025-04-15
532:NM:SNTL,1991,1991-05-12,72,False,melt_out,508.0,668.02,1991-04-03
532:NM:SNTL,1992,1992-05-03,63,False,melt_out,345.44,505.4599999999999,1992-04-01
532:NM:SNTL,1993,1993-05-30,90,False,melt_out,642.62,769.62,1993-04-07
532:NM:SNTL,1994,1994-05-22,82,False,melt_out,416.55999999999995,599.44,1994-04-12
532:NM:SNTL,1995,1995-06-10,101,False,melt_out,541.02,774.6999999999999,1995-04-23
532:NM:SNTL,1996,1996-05-05,65,False,melt_out,304.79999999999995,378.46,1996-03-31
532:NM:SNTL,1997,1997-05-26,86,False,melt_out,584.1999999999999,632.4599999999999,1997-04-13
532:NM:SNTL,1998,1998-05-18,78,False,melt_out,332.73999999999995,510.54,1998-04-19
532:NM:SNTL,1999,1999-05-19,79,False,melt_out,261.62,414.02,1999-05-03
532:NM:SNTL,2000,2000-05-04,64,False,melt_out,213.35999999999999,373.37999999999994,2000-04-01
532:NM:SNTL,2001,2001-05-16,76,False,melt_out,370.84,485.14,2001-04-13
532:NM:SNTL,2002,2002-04-20,50,False,melt_out,223.52,259.08,2002-03-20
532:NM:SNTL,2003,2003-05-13,73,False,melt_out,345.44,454.6599999999999,2003-04-08
532:NM:SNTL,2004,2004-05-13,73,False,melt_out,411.47999999999996,464.82,2004-04-11
532:NM:SNTL,2005,2005-05-23,83,False,melt_out,482.59999999999997,627.38,2005-04-11
532:NM:SNTL,2006,2006-05-05,65,False,melt_out,172.72,335.28,2006-04-07
532:NM:SNTL,2007,2007-05-16,76,False,melt_out,340.36,386.08,2007-04-13
532:NM:SNTL,2008,2008-05-27,87,False,melt_out,650.24,683.2599999999999,2008-04-12
532:NM:SNTL,2009,2009-05-14,74,False,melt_out,444.5,617.22,2009-04-17
532:NM:SNTL,2010,2010-05-16,76,False,melt_out,434.34000000000003,543.56,2010-04-06
532:NM:SNTL,2011,2011-05-23,83,False,melt_out,294.64,383.53999999999996,2011-04-11
532:NM:SNTL,2012,2012-04-27,57,False,melt_out,332.73999999999995,373.37999999999994,2012-03-21
532:NM:SNTL,2013,2013-05-03,63,False,melt_out,297.17999999999995,325.12,2013-03-16
532:NM:SNTL,2014,2014-05-03,63,False,melt_out,228.6,261.62,2014-03-28
532:NM:SNTL,2015,2015-05-17,77,False,melt_out,365.76,386.08,2015-03-05
532:NM:SNTL,2016,2016-05-18,78,False,melt_out,330.2,330.2,2016-02-25
532:NM:SNTL,2017,2017-05-23,83,False,melt_out,614.68,675.64,2017-04-06
532:NM:SNTL,2018,2018-04-24,54,False,melt_out,152.39999999999998,220.97999999999996,2018-03-31
532:NM:SNTL,2019,2019-05-24,84,False,melt_out,381.0,548.64,2019-03-23
532:NM:SNTL,2020,2020-05-03,63,False,melt_out,289.56,378.46,2020-03-31
532:NM:SNTL,2021,2021-05-09,69,False,melt_out,287.02,393.7,2021-03-26
532:NM:SNTL,2022,2022-04-30,60,False,melt_out,299.72,383.53999999999996,2022-04-01
532:NM:SNTL,2023,2023-05-16,76,False,melt_out,370.84,579.12,2023-04-07
532:NM:SNTL,2024,2024-05-13,73,False,melt_out,292.09999999999997,421.64,2024-04-09
532:NM:SNTL,2025,2025-05-11,71,False,melt_out,167.64,233.67999999999998,2025-03-18
534:ID:SNTL,1991,1991-05-29,89,False,melt_out,284.47999999999996,510.54,1991-05-03
534:ID:SNTL,1992,1992-04-28,58,False,melt_out,330.2,340.36,1992-02-22
534:ID:SNTL,1993,1993-05-31,91,False,melt_out,701.04,894.08,1993-04-24
534:ID:SNTL,1994,1994-05-11,71,False,melt_out,322.58,381.0,1994-04-10
534:ID:SNTL,1995,1995-06-11,102,False,melt_out,414.02,571.5,1995-05-02
534:ID:SNTL,1996,1996-06-03,94,False,melt_out,563.88,767.0799999999999,1996-04-22
534:ID:SNTL,1997,1997-06-04,95,False,melt_out,1023.6199999999999,1155.7,1997-04-08
534:ID:SNTL,1998,1998-06-12,103,False,melt_out,680.72,833.1199999999999,1998-04-17
534:ID:SNTL,1999,1999-06-07,98,False,melt_out,586.74,756.92,1999-05-04
534:ID:SNTL,2000,2000-05-20,80,False,melt_out,589.28,685.8,2000-03-31
534:ID:SNTL,2001,2001-05-09,69,False,melt_out,312.42,342.9,2001-03-17
534:ID:SNTL,2002,2002-05-25,85,False,melt_out,596.9,695.9599999999999,2002-03-25
534:ID:SNTL,2003,2003-05-23,83,False,melt_out,294.64,393.7,2003-04-06
534:ID:SNTL,2004,2004-05-17,77,False,melt_out,612.14,670.56,2004-03-08
534:ID:SNTL,2005,2005-06-09,100,False,melt_out,373.37999999999994,579.12,2005-04-10
534:ID:SNTL,2006,2006-05-31,91,False,melt_out,909.3199999999998,1247.1399999999999,2006-04-11
534:ID:SNTL,2007,2007-05-17,77,False,melt_out,574.04,675.64,2007-04-23
534:ID:SNTL,2008,2008-05-31,91,False,melt_out,614.68,805.18,2008-04-09
534:ID:SNTL,2009,2009-05-26,86,False,melt_out,436.87999999999994,731.52,2009-04-15
534:ID:SNTL,2010,2010-06-11,102,False,melt_out,464.82,607.06,2010-04-13
534:ID:SNTL,2011,2011-06-18,109,False,melt_out,591.8199999999999,998.2199999999999,2011-04-26
534:ID:SNTL,2012,2012-06-06,97,False,melt_out,528.3199999999999,627.38,2012-03-30
534:ID:SNTL,2013,2013-05-18,78,False,melt_out,469.9,668.02,2013-04-19
534:ID:SNTL,2014,2014-05-29,89,False,melt_out,535.94,754.38,2014-04-08
534:ID:SNTL,2015,2015-05-19,79,False,melt_out,647.6999999999999,706.12,2015-03-10
534:ID:SNTL,2016,2016-06-02,93,False,melt_out,673.0999999999999,891.54,2016-03-31
534:ID:SNTL,2017,2017-06-14,105,False,melt_out,822.9599999999999,1021.08,2017-05-01
534:ID:SNTL,2018,2018-05-19,79,False,melt_out,444.5,627.38,2018-04-18
534:ID:SNTL,2019,2019-06-10,101,False,melt_out,586.74,784.8599999999999,2019-04-18
534:ID:SNTL,2020,2020-05-17,77,False,melt_out,563.88,655.3199999999999,2020-04-07
534:ID:SNTL,2021,2021-05-23,83,False,melt_out,558.8,668.02,2021-03-25
534:ID:SNTL,2022,2022-06-02,93,False,melt_out,546.1,685.8,2022-04-22
534:ID:SNTL,2023,2023-06-05,96,False,melt_out,607.06,889.0,2023-04-05
534:ID:SNTL,2024,2024-06-04,95,False,melt_out,734.06,886.4599999999999,2024-04-07
534:ID:SNTL,2025,2025-05-23,83,False,melt_out,632.4599999999999,718.8199999999999,2025-04-01
546:ID:SNTL,1991,1991-05-14,74,False,melt_out,233.67999999999998,347.97999999999996,1991-03-28
546:ID:SNTL,1992,1992-04-15,45,False,melt_out,269.23999999999995,274.32,1992-03-18
546:ID:SNTL,1993,1993-05-12,72,False,melt_out,378.46,426.71999999999997,1993-03-21
546:ID:SNTL,1994,1994-04-25,55,False,melt_out,276.86,287.02,1994-03-24
546:ID:SNTL,1995,1995-05-14,74,False,melt_out,457.2,541.02,1995-03-28
546:ID:SNTL,1996,1996-05-10,70,False,melt_out,299.72,363.21999999999997,1996-03-31
546:ID:SNTL,1997,1997-05-12,72,False,melt_out,568.9599999999999,629.92,1997-03-17
546:ID:SNTL,1998,1998-05-05,65,False,melt_out,289.56,353.06,1998-04-15
546:ID:SNTL,1999,1999-05-21,81,False,melt_out,444.5,477.52,1999-03-14
546:ID:SNTL,2000,2000-04-30,60,False,melt_out,335.28,383.53999999999996,2000-03-23
546:ID:SNTL,2001,2001-04-28,58,False,melt_out,203.2,208.27999999999997,2001-03-19
546:ID:SNTL,2002,2002-05-08,68,False,melt_out,337.82,386.08,2002-03-11
546:ID:SNTL,2003,2003-05-07,67,False,melt_out,284.47999999999996,294.64,2003-03-07
546:ID:SNTL,2004,2004-04-27,57,False,melt_out,452.12,469.9,2004-03-06
546:ID:SNTL,2005,2005-05-07,67,False,melt_out,294.64,368.29999999999995,2005-04-04
546:ID:SNTL,2006,2006-05-13,73,False,melt_out,426.71999999999997,474.97999999999996,2006-04-01
546:ID:SNTL,2007,2007-04-25,55,False,melt_out,317.5,330.2,2007-03-10
546:ID:SNTL,2008,2008-05-23,83,False,melt_out,403.86,480.05999999999995,2008-04-07
546:ID:SNTL,2009,2009-05-16,76,False,melt_out,322.58,393.7,2009-04-02
546:ID:SNTL,2010,2010-05-10,70,False,melt_out,236.22,254.0,2010-04-13
546:ID:SNTL,2011,2011-05-21,81,False,melt_out,386.08,513.0799999999999,2011-04-08
546:ID:SNTL,2012,2012-04-25,55,False,melt_out,302.26,342.9,2012-03-19
546:ID:SNTL,2013,2013-05-03,63,False,melt_out,256.53999999999996,297.17999999999995,2013-03-21
546:ID:SNTL,2014,2014-05-11,71,False,melt_out,307.34,403.86,2014-04-02
546:ID:SNTL,2015,2015-04-21,51,False,melt_out,251.46,251.46,2015-02-07
546:ID:SNTL,2016,2016-04-26,56,False,melt_out,297.17999999999995,355.59999999999997,2016-03-28
546:ID:SNTL,2017,2017-05-06,66,False,melt_out,345.44,368.29999999999995,2017-03-10
546:ID:SNTL,2018,2018-05-10,70,False,melt_out,322.58,398.78,2018-03-26
546:ID:SNTL,2019,2019-05-13,73,False,melt_out,462.28,495.29999999999995,2019-03-12
546:ID:SNTL,2020,2020-05-22,82,False,melt_out,322.58,406.4,2020-04-06
546:ID:SNTL,2021,2021-05-01,61,False,melt_out,322.58,353.06,2021-03-26
546:ID:SNTL,2022,2022-05-10,70,False,melt_out,233.67999999999998,259.08,2022-03-20
546:ID:SNTL,2023,2023-05-20,80,False,melt_out,360.67999999999995,548.64,2023-04-06
546:ID:SNTL,2024,2024-05-11,71,False,melt_out,281.94,373.37999999999994,2024-03-29
546:ID:SNTL,2025,2025-05-01,61,False,melt_out,294.64,358.14,2025-03-22
564:CO:SNTL,1991,1991-06-02,93,False,melt_out,142.23999999999998,256.53999999999996,1991-04-14
564:CO:SNTL,1992,1992-05-06,66,False,melt_out,223.52,353.06,1992-03-31
564:CO:SNTL,1993,1993-05-18,78,False,melt_out,248.92000000000002,386.08,1993-04-21
564:CO:SNTL,1994,1994-05-12,72,False,melt_out,276.86,388.62,1994-04-13
564:CO:SNTL,1995,1995-06-19,110,False,melt_out,175.26,360.67999999999995,1995-04-26
564:CO:SNTL,1996,1996-05-14,74,False,melt_out,462.28,609.5999999999999,1996-04-01
564:CO:SNTL,1997,1997-05-25,85,False,melt_out,411.47999999999996,515.62,1997-05-02
564:CO:SNTL,1998,1998-05-16,76,False,melt_out,254.0,391.15999999999997,1998-04-21
564:CO:SNTL,1999,1999-05-29,89,False,melt_out,210.82,302.26,1999-05-01
564:CO:SNTL,2000,2000-05-04,64,False,melt_out,261.62,358.14,2000-04-05
564:CO:SNTL,2001,2001-05-11,71,False,melt_out,177.79999999999998,251.46,2001-04-01
564:CO:SNTL,2002,2002-04-13,43,False,melt_out,134.61999999999998,180.33999999999997,2002-03-22
564:CO:SNTL,2003,2003-05-20,80,False,melt_out,231.14,444.5,2003-04-01
564:CO:SNTL,2004,2004-05-04,64,False,melt_out,167.64,190.5,2004-03-07
564:CO:SNTL,2005,2005-05-17,77,False,melt_out,210.82,271.78,2005-03-25
564:CO:SNTL,2006,2006-04-27,57,False,melt_out,243.83999999999997,360.67999999999995,2006-03-28
564:CO:SNTL,2007,2007-05-13,73,False,melt_out,307.34,332.73999999999995,2007-04-14
564:CO:SNTL,2008,2008-05-19,79,False,melt_out,264.15999999999997,368.29999999999995,2008-04-13
564:CO:SNTL,2009,2009-05-12,72,False,melt_out,261.62,436.87999999999994,2009-04-18
564:CO:SNTL,2010,2010-05-21,81,False,melt_out,218.43999999999997,294.64,2010-04-08
564:CO:SNTL,2011,2011-06-04,95,False,melt_out,287.02,452.12,2011-05-02
564:CO:SNTL,2012,2012-04-18,48,False,melt_out,274.32,281.94,2012-03-04
564:CO:SNTL,2013,2013-05-21,81,False,melt_out,137.16,274.32,2013-04-23
564:CO:SNTL,2014,2014-05-24,84,False,melt_out,383.53999999999996,485.14,2014-04-07
564:CO:SNTL,2015,2015-05-27,87,False,melt_out,284.47999999999996,302.26,2015-03-13
564:CO:SNTL,2016,2016-05-21,81,False,melt_out,254.0,368.29999999999995,2016-03-31
564:CO:SNTL,2017,2017-05-27,87,False,melt_out,332.73999999999995,340.36,2017-03-09
564:CO:SNTL,2018,2018-05-09,69,False,melt_out,223.52,299.72,2018-04-09
564:CO:SNTL,2019,2019-05-29,89,False,melt_out,236.22,332.73999999999995,2019-03-24
564:CO:SNTL,2020,2020-05-13,73,False,melt_out,325.12,391.15999999999997,2020-04-18
564:CO:SNTL,2021,2021-05-23,83,False,melt_out,205.73999999999998,325.12,2021-03-29
564:CO:SNTL,2022,2022-06-02,93,False,melt_out,213.35999999999999,259.08,2022-03-25
564:CO:SNTL,2023,2023-05-15,75,False,melt_out,236.22,287.02,2023-04-04
564:CO:SNTL,2024,2024-05-19,79,False,melt_out,226.06,360.67999999999995,2024-03-30
564:CO:SNTL,2025,2025-05-19,79,False,melt_out,271.78,337.82,2025-04-06
573:NV:SNTL,1991,1991-05-05,65,False,melt_out,167.64,213.35999999999999,1991-03-28
573:NV:SNTL,1992,1992-03-15,14,False,melt_out,111.76,127.0,1992-02-22
573:NV:SNTL,1993,1993-05-05,65,False,melt_out,287.02,317.5,1993-03-16
573:NV:SNTL,1994,1994-04-27,57,False,melt_out,233.67999999999998,241.29999999999998,1994-03-06
573:NV:SNTL,1995,1995-04-25,55,False,melt_out,231.14,279.4,1995-01-30
573:NV:SNTL,1996,1996-04-29,59,False,melt_out,228.6,264.15999999999997,1996-03-07
573:NV:SNTL,1997,1997-05-01,61,False,melt_out,297.17999999999995,332.73999999999995,1997-03-09
573:NV:SNTL,1998,1998-04-30,60,False,melt_out,281.94,314.96,1998-03-10
573:NV:SNTL,1999,1999-05-11,71,False,melt_out,297.17999999999995,340.36,1999-04-11
573:NV:SNTL,2000,2000-04-17,47,False,melt_out,297.17999999999995,363.21999999999997,2000-03-23
573:NV:SNTL,2001,2001-04-24,54,False,melt_out,180.33999999999997,203.2,2001-03-16
573:NV:SNTL,2002,2002-04-22,52,False,melt_out,248.92000000000002,314.96,2002-03-20
573:NV:SNTL,2003,2003-05-05,65,False,melt_out,175.26,185.42,2003-03-05
573:NV:SNTL,2004,2004-04-23,53,False,melt_out,304.79999999999995,320.03999999999996,2004-03-05
573:NV:SNTL,2005,2005-05-03,63,False,melt_out,167.64,223.52,2005-03-31
573:NV:SNTL,2006,2006-05-01,61,False,melt_out,320.03999999999996,393.7,2006-04-06
573:NV:SNTL,2007,2007-04-02,32,False,melt_out,170.18,182.88,2007-03-04
573:NV:SNTL,2008,2008-05-06,66,False,melt_out,302.26,350.52,2008-04-11
573:NV:SNTL,2009,2009-05-05,65,False,melt_out,266.7,294.64,2009-04-03
573:NV:SNTL,2010,2010-05-12,72,False,melt_out,226.06,309.87999999999994,2010-04-05
573:NV:SNTL,2011,2011-05-19,79,False,melt_out,215.89999999999998,363.21999999999997,2011-03-29
573:NV:SNTL,2012,2012-04-07,37,False,melt_out,177.79999999999998,185.42,2012-03-06
573:NV:SNTL,2013,2013-04-09,39,False,melt_out,167.64,180.33999999999997,2013-03-06
573:NV:SNTL,2014,2014-04-29,59,False,melt_out,129.54,147.32,2014-03-04
573:NV:SNTL,2015,2015-04-10,40,False,melt_out,63.5,139.7,2015-01-28
573:NV:SNTL,2016,2016-04-27,57,False,melt_out,233.67999999999998,251.46,2016-02-18
573:NV:SNTL,2017,2017-04-25,55,False,melt_out,320.03999999999996,342.9,2017-03-05
573:NV:SNTL,2018,2018-04-13,43,False,melt_out,132.07999999999998,165.1,2018-03-21
573:NV:SNTL,2019,2019-04-23,53,False,melt_out,304.79999999999995,337.82,2019-03-12
573:NV:SNTL,2020,2020-04-19,49,False,melt_out,317.5,320.03999999999996,2020-03-18
573:NV:SNTL,2021,2021-04-19,49,False,melt_out,246.37999999999997,251.46,2021-03-10
573:NV:SNTL,2022,2022-04-19,49,False,melt_out,185.42,226.06,2022-03-20
573:NV:SNTL,2023,2023-05-03,63,False,melt_out,292.09999999999997,449.58,2023-04-05
573:NV:SNTL,2024,2024-05-08,68,False,melt_out,411.47999999999996,474.97999999999996,2024-03-31
573:NV:SNTL,2025,2025-04-20,50,False,melt_out,309.87999999999994,391.15999999999997,2025-03-19
576:MT:SNTL,1991,1991-06-07,98,False,melt_out,170.18,368.29999999999995,1991-05-11
576:MT:SNTL,1992,1992-05-08,68,False,melt_out,223.52,261.62,1992-04-10
576:MT:SNTL,1993,1993-05-22,82,False,melt_out,160.01999999999998,327.65999999999997,1993-04-30
576:MT:SNTL,1994,1994-05-21,81,False,melt_out,215.89999999999998,269.23999999999995,1994-04-11
576:MT:SNTL,1995,1995-06-17,108,False,melt_out,243.83999999999997,520.6999999999999,1995-05-07
576:MT:SNTL,1996,1996-06-06,97,False,melt_out,261.62,391.15999999999997,1996-05-05
576:MT:SNTL,1997,1997-05-29,89,False,melt_out,317.5,449.58,1997-05-02
576:MT:SNTL,1998,1998-06-04,95,False,melt_out,208.27999999999997,345.44,1998-04-17
576:MT:SNTL,1999,1999-05-31,91,False,melt_out,233.67999999999998,299.72,1999-05-05
576:MT:SNTL,2000,2000-05-17,77,False,melt_out,198.11999999999998,238.76,2000-04-02
576:MT:SNTL,2001,2001-06-09,100,False,melt_out,180.33999999999997,307.34,2001-04-21
576:MT:SNTL,2002,2002-06-12,103,False,melt_out,162.56,248.92000000000002,2002-04-18
576:MT:SNTL,2003,2003-05-29,89,False,melt_out,256.53999999999996,403.86,2003-05-05
576:MT:SNTL,2004,2004-05-25,85,False,melt_out,198.11999999999998,213.35999999999999,2004-03-05
576:MT:SNTL,2005,2005-06-10,101,False,melt_out,157.48,243.83999999999997,2005-04-30
576:MT:SNTL,2006,2006-05-30,90,False,melt_out,241.29999999999998,350.52,2006-04-19
576:MT:SNTL,2007,2007-06-08,99,False,melt_out,190.5,241.29999999999998,2007-04-22
576:MT:SNTL,2008,2008-06-13,104,False,melt_out,243.83999999999997,347.97999999999996,2008-04-25
576:MT:SNTL,2009,2009-06-08,99,False,melt_out,233.67999999999998,441.9599999999999,2009-05-08
576:MT:SNTL,2010,2010-06-18,109,False,melt_out,208.27999999999997,297.17999999999995,2010-05-12
576:MT:SNTL,2011,2011-06-21,112,False,melt_out,241.29999999999998,439.42,2011-05-04
576:MT:SNTL,2012,2012-05-02,62,False,melt_out,180.33999999999997,259.08,2012-04-07
576:MT:SNTL,2013,2013-05-10,70,False,melt_out,185.42,236.22,2013-04-23
576:MT:SNTL,2014,2014-05-21,81,False,melt_out,304.79999999999995,360.67999999999995,2014-04-05
576:MT:SNTL,2015,2015-05-08,68,False,melt_out,220.97999999999996,241.29999999999998,2015-03-24
576:MT:SNTL,2016,2016-05-11,71,False,melt_out,241.29999999999998,325.12,2016-03-30
576:MT:SNTL,2017,2017-05-22,82,False,melt_out,241.29999999999998,302.26,2017-04-14
576:MT:SNTL,2018,2018-05-19,79,False,melt_out,215.89999999999998,358.14,2018-04-17
576:MT:SNTL,2019,2019-05-24,84,False,melt_out,210.82,274.32,2019-04-17
576:MT:SNTL,2020,2020-05-22,82,False,melt_out,294.64,353.06,2020-04-19
576:MT:SNTL,2021,2021-05-28,88,False,melt_out,223.52,251.46,2021-03-25
576:MT:SNTL,2022,2022-06-02,93,False,melt_out,162.56,238.76,2022-05-03
576:MT:SNTL,2023,2023-05-18,78,False,melt_out,226.06,342.9,2023-04-25
576:MT:SNTL,2024,2024-05-24,84,False,melt_out,185.42,259.08,2024-04-08
576:MT:SNTL,2025,2025-05-13,73,False,melt_out,200.66,266.7,2025-04-02
580:CO:SNTL,1991,1991-05-27,87,False,melt_out,340.36,502.92,1991-04-04
580:CO:SNTL,1992,1992-05-13,73,False,melt_out,254.0,381.0,1992-03-31
580:CO:SNTL,1993,1993-05-31,91,False,melt_out,607.06,754.38,1993-04-09
580:CO:SNTL,1994,1994-05-24,84,False,melt_out,284.47999999999996,375.92,1994-04-12
580:CO:SNTL,1995,1995-06-17,108,False,melt_out,414.02,622.3,1995-05-08
580:CO:SNTL,1996,1996-05-04,64,False,melt_out,205.73999999999998,248.92000000000002,1996-03-26
580:CO:SNTL,1997,1997-05-23,83,False,melt_out,505.4599999999999,652.78,1997-04-16
580:CO:SNTL,1998,1998-05-22,82,False,melt_out,210.82,375.92,1998-05-01
580:CO:SNTL,1999,1999-05-22,82,False,melt_out,281.94,381.0,1999-05-03
580:CO:SNTL,2000,2000-05-09,69,False,melt_out,114.3,226.06,2000-04-05
580:CO:SNTL,2001,2001-05-19,79,False,melt_out,276.86,436.87999999999994,2001-04-22
580:CO:SNTL,2002,2002-04-21,51,False,melt_out,109.21999999999998,172.72,2002-03-20
580:CO:SNTL,2003,2003-05-07,67,False,melt_out,187.96,223.52,2003-04-08
580:CO:SNTL,2004,2004-05-16,76,False,melt_out,350.52,378.46,2004-05-02
580:CO:SNTL,2005,2005-05-24,84,False,melt_out,457.2,553.72,2005-04-02
580:CO:SNTL,2006,2006-05-13,73,False,melt_out,137.16,322.58,2006-04-07
580:CO:SNTL,2007,2007-05-15,75,False,melt_out,284.47999999999996,284.47999999999996,2007-02-28
580:CO:SNTL,2008,2008-05-26,86,False,melt_out,617.22,635.0,2008-03-19
580:CO:SNTL,2009,2009-05-12,72,False,melt_out,355.59999999999997,408.94,2009-03-15
580:CO:SNTL,2010,2010-05-21,81,False,melt_out,337.82,411.47999999999996,2010-04-07
580:CO:SNTL,2011,2011-05-22,82,False,melt_out,243.83999999999997,248.92000000000002,2011-03-08
580:CO:SNTL,2012,2012-04-22,52,False,melt_out,208.27999999999997,218.43999999999997,2012-03-08
580:CO:SNTL,2013,2013-05-10,70,False,melt_out,182.88,195.57999999999998,2013-03-11
580:CO:SNTL,2014,2014-05-17,77,False,melt_out,271.78,299.72,2014-03-09
580:CO:SNTL,2015,2015-05-23,83,False,melt_out,210.82,241.29999999999998,2015-03-03
580:CO:SNTL,2016,2016-05-27,87,False,melt_out,276.86,294.64,2016-02-26
580:CO:SNTL,2017,2017-05-19,79,False,melt_out,398.78,419.09999999999997,2017-03-05
580:CO:SNTL,2018,2018-05-04,64,False,melt_out,220.97999999999996,269.23999999999995,2018-04-03
580:CO:SNTL,2019,2019-06-07,98,False,melt_out,330.2,558.8,2019-04-04
580:CO:SNTL,2020,2020-04-30,60,False,melt_out,233.67999999999998,297.17999999999995,2020-03-30
580:CO:SNTL,2021,2021-05-04,64,False,melt_out,302.26,378.46,2021-03-29
580:CO:SNTL,2022,2022-04-25,55,False,melt_out,320.03999999999996,347.97999999999996,2022-03-10
580:CO:SNTL,2023,2023-05-15,75,False,melt_out,363.21999999999997,528.3199999999999,2023-04-04
580:CO:SNTL,2024,2024-05-14,74,False,melt_out,251.46,381.0,2024-04-11
580:CO:SNTL,2025,2025-05-19,79,False,melt_out,134.61999999999998,182.88,2025-03-20
595:NM:SNTL,1991,1991-03-06,5,False,melt_out,43.18,73.66,1991-02-12
595:NM:SNTL,1992,1992-04-03,33,False,melt_out,165.1,190.5,1992-02-18
595:NM:SNTL,1993,1993-03-15,14,False,melt_out,119.38,129.54,1993-02-20
595:NM:SNTL,1994,1994-03-04,3,False,melt_out,12.7,55.88,1994-02-09
595:NM:SNTL,1995,1995-03-02,1,False,melt_out,2.54,88.89999999999999,1995-01-26
595:NM:SNTL,1996,1996-03-02,1,False,melt_out,2.54,58.419999999999995,1996-02-01
595:NM:SNTL,1997,1997-03-14,13,False,melt_out,99.05999999999999,99.05999999999999,1997-03-01
595:NM:SNTL,1998,1998-03-31,30,False,melt_out,101.6,101.6,1998-02-28
595:NM:SNTL,2001,2001-03-21,20,False,melt_out,86.36,99.05999999999999,2001-02-14
595:NM:SNTL,2002,2002-03-01,0,False,gone_at_origin,0.0,66.03999999999999,2002-02-04
595:NM:SNTL,2004,2004-03-16,15,False,melt_out,12.7,55.88,2004-02-17
595:NM:SNTL,2005,2005-03-06,5,False,melt_out,7.619999999999999,53.339999999999996,2005-02-10
595:NM:SNTL,2007,2007-03-25,24,False,melt_out,20.32,88.89999999999999,2007-01-30
595:NM:SNTL,2008,2008-03-01,0,False,gone_at_origin,0.0,50.8,2008-01-23
595:NM:SNTL,2010,2010-03-30,29,False,melt_out,129.54,134.61999999999998,2010-02-22
595:NM:SNTL,2012,2012-03-20,19,False,melt_out,0.0,101.6,2011-12-23
595:NM:SNTL,2016,2016-03-01,0,False,gone_at_origin,0.0,78.74,2016-01-08
595:NM:SNTL,2017,2017-03-01,0,False,gone_at_origin,0.0,68.58,2017-01-24
595:NM:SNTL,2020,2020-03-01,0,False,gone_at_origin,0.0,50.8,2019-11-28
595:NM:SNTL,2024,2024-03-01,0,False,gone_at_origin,0.0,53.339999999999996,2024-02-12
596:UT:SNTL,1991,1991-06-05,96,False,melt_out,391.15999999999997,637.54,1991-05-05
596:UT:SNTL,1992,1992-04-29,59,False,melt_out,312.42,345.44,1992-03-27
596:UT:SNTL,1993,1993-06-11,102,False,melt_out,596.9,795.02,1993-05-08
596:UT:SNTL,1994,1994-05-16,76,False,melt_out,424.17999999999995,561.34,1994-04-10
596:UT:SNTL,1995,1995-06-18,109,False,melt_out,632.4599999999999,843.28,1995-05-02
596:UT:SNTL,1996,1996-06-03,94,False,melt_out,703.5799999999999,891.54,1996-04-20
596:UT:SNTL,1997,1997-06-01,92,False,melt_out,850.9,995.6800000000001,1997-04-11
596:UT:SNTL,1998,1998-06-19,110,False,melt_out,693.42,896.6199999999999,1998-04-18
596:UT:SNTL,1999,1999-06-07,98,False,melt_out,487.67999999999995,706.12,1999-05-04
596:UT:SNTL,2000,2000-05-21,81,False,melt_out,558.8,690.88,2000-04-01
596:UT:SNTL,2001,2001-05-17,77,False,melt_out,434.34000000000003,668.02,2001-04-14
596:UT:SNTL,2002,2002-05-26,86,False,melt_out,449.58,612.14,2002-03-31
596:UT:SNTL,2003,2003-05-25,85,False,melt_out,391.15999999999997,561.34,2003-04-07
596:UT:SNTL,2004,2004-05-21,81,False,melt_out,701.04,754.38,2004-03-08
596:UT:SNTL,2005,2005-06-14,105,False,melt_out,665.4799999999999,965.1999999999999,2005-04-11
596:UT:SNTL,2006,2006-06-04,95,False,melt_out,769.62,1193.8,2006-04-14
596:UT:SNTL,2007,2007-05-12,72,False,melt_out,467.35999999999996,518.16,2007-03-11
596:UT:SNTL,2008,2008-06-12,103,False,melt_out,657.8599999999999,820.4199999999998,2008-04-15
596:UT:SNTL,2009,2009-05-27,87,False,melt_out,591.8199999999999,944.88,2009-04-16
596:UT:SNTL,2010,2010-06-06,97,False,melt_out,383.53999999999996,624.84,2010-04-13
596:UT:SNTL,2011,2011-06-28,119,False,melt_out,866.14,1407.1599999999999,2011-04-29
596:UT:SNTL,2012,2012-05-10,70,False,melt_out,434.34000000000003,480.05999999999995,2012-03-21
596:UT:SNTL,2013,2013-05-18,78,False,melt_out,381.0,609.5999999999999,2013-04-22
596:UT:SNTL,2014,2014-05-27,87,False,melt_out,576.5799999999999,751.84,2014-04-06
596:UT:SNTL,2015,2015-05-20,80,False,melt_out,398.78,436.87999999999994,2015-03-03
596:UT:SNTL,2016,2016-05-26,86,False,melt_out,505.4599999999999,655.3199999999999,2016-04-01
596:UT:SNTL,2017,2017-06-14,105,False,melt_out,815.34,924.56,2017-04-28
596:UT:SNTL,2018,2018-05-06,66,False,melt_out,271.78,391.15999999999997,2018-03-28
596:UT:SNTL,2019,2019-06-11,102,False,melt_out,652.78,977.9,2019-04-15
596:UT:SNTL,2020,2020-06-17,108,False,melt_out,650.24,795.02,2020-04-02
596:UT:SNTL,2021,2021-05-25,85,False,melt_out,497.84000000000003,624.84,2021-04-21
596:UT:SNTL,2022,2022-06-02,93,False,melt_out,368.29999999999995,508.0,2022-04-16
596:UT:SNTL,2023,2023-06-09,100,False,melt_out,855.98,1381.76,2023-04-24
596:UT:SNTL,2024,2024-06-04,95,False,melt_out,673.0999999999999,914.4,2024-04-06
596:UT:SNTL,2025,2025-05-25,85,False,melt_out,513.0799999999999,749.3,2025-04-04
619:OR:SNTL,1991,1991-06-14,105,False,melt_out,485.14,789.9399999999999,1991-04-10
619:OR:SNTL,1992,1992-05-19,79,False,melt_out,563.88,601.9799999999999,1992-02-18
619:OR:SNTL,1993,1993-06-15,106,False,melt_out,1122.68,1234.44,1993-04-25
619:OR:SNTL,1994,1994-05-22,82,False,melt_out,642.62,810.2599999999999,1994-04-10
619:OR:SNTL,1995,1995-06-13,104,False,melt_out,812.8,1000.7599999999999,1995-04-20
619:OR:SNTL,1996,1996-06-08,99,False,melt_out,914.4,975.3599999999999,1996-04-23
619:OR:SNTL,1997,1997-06-14,105,False,melt_out,1351.28,1630.68,1997-04-14
619:OR:SNTL,1998,1998-06-11,102,False,melt_out,756.92,868.6800000000001,1998-04-18
619:OR:SNTL,1999,1999-07-13,134,False,melt_out,1635.76,2054.86,1999-04-15
619:OR:SNTL,2000,2000-06-18,109,False,melt_out,1259.84,1397.0,2000-03-22
619:OR:SNTL,2001,2001-05-25,85,False,melt_out,551.18,662.94,2001-03-18
619:OR:SNTL,2002,2002-06-17,108,False,melt_out,1122.68,1384.3,2002-04-01
619:OR:SNTL,2003,2003-06-08,99,False,melt_out,469.9,934.7199999999999,2003-04-06
619:OR:SNTL,2004,2004-06-04,95,False,melt_out,1084.58,1168.3999999999999,2004-03-07
619:OR:SNTL,2005,2005-05-25,85,False,melt_out,406.4,629.92,2005-04-14
619:OR:SNTL,2006,2006-06-09,100,False,melt_out,1125.2199999999998,1427.48,2006-04-13
619:OR:SNTL,2007,2007-06-01,92,False,melt_out,1082.04,1173.48,2007-03-11
619:OR:SNTL,2008,2008-07-11,132,False,melt_out,1338.58,1871.98,2008-04-27
619:OR:SNTL,2009,2009-06-19,110,False,melt_out,1016.0,1534.1599999999999,2009-04-04
619:OR:SNTL,2010,2010-06-22,113,False,melt_out,500.37999999999994,812.8,2010-04-14
619:OR:SNTL,2011,2011-07-07,128,False,melt_out,937.2599999999999,1478.28,2011-04-30
619:OR:SNTL,2012,2012-06-21,112,False,melt_out,850.9,1366.5199999999998,2012-04-16
619:OR:SNTL,2013,2013-06-02,93,False,melt_out,878.84,942.34,2013-03-28
619:OR:SNTL,2014,2014-06-02,93,False,melt_out,627.38,767.0799999999999,2014-04-05
619:OR:SNTL,2015,2015-04-27,57,False,melt_out,109.21999999999998,185.42,2015-01-15
619:OR:SNTL,2016,2016-05-23,83,False,melt_out,690.88,909.3199999999998,2016-03-27
619:OR:SNTL,2017,2017-06-17,108,False,melt_out,970.28,1170.94,2017-03-09
619:OR:SNTL,2018,2018-05-22,82,False,melt_out,629.92,797.56,2018-04-18
619:OR:SNTL,2019,2019-05-29,89,False,melt_out,835.66,939.8,2019-03-16
619:OR:SNTL,2020,2020-05-28,88,False,melt_out,751.84,891.54,2020-04-05
619:OR:SNTL,2021,2021-05-31,91,False,melt_out,960.1199999999999,1097.28,2021-04-01
619:OR:SNTL,2022,2022-06-24,115,False,melt_out,650.24,901.6999999999999,2022-05-13
619:OR:SNTL,2023,2023-06-05,96,False,melt_out,647.6999999999999,1056.6399999999999,2023-04-21
619:OR:SNTL,2024,2024-06-09,100,False,melt_out,876.3,1008.38,2024-03-28
619:OR:SNTL,2025,2025-05-29,89,False,melt_out,769.62,1125.2199999999998,2025-04-07
646:MT:SNTL,1991,1991-07-06,127,False,melt_out,929.64,1267.4599999999998,1991-05-08
646:MT:SNTL,1992,1992-06-06,97,False,melt_out,716.28,861.06,1992-04-13
646:MT:SNTL,1993,1993-07-02,123,False,melt_out,647.6999999999999,1107.44,1993-05-06
646:MT:SNTL,1994,1994-06-18,109,False,melt_out,586.74,789.9399999999999,1994-04-13
646:MT:SNTL,1995,1995-07-11,132,False,melt_out,906.78,1262.38,1995-05-05
646:MT:SNTL,1996,1996-07-08,129,False,melt_out,957.58,1366.5199999999998,1996-05-13
646:MT:SNTL,1997,1997-07-15,136,False,melt_out,1366.5199999999998,1849.12,1997-05-04
646:MT:SNTL,1998,1998-06-22,113,False,melt_out,601.9799999999999,927.0999999999999,1998-04-24
646:MT:SNTL,1999,1999-07-09,130,False,melt_out,896.6199999999999,1127.76,1999-05-15
646:MT:SNTL,2000,2000-06-25,116,False,melt_out,690.88,919.48,2000-04-14
646:MT:SNTL,2001,2001-06-24,115,False,melt_out,497.84000000000003,850.9,2001-04-23
646:MT:SNTL,2002,2002-07-05,126,False,melt_out,721.3599999999999,1089.6599999999999,2002-05-07
646:MT:SNTL,2003,2003-06-26,117,False,melt_out,586.74,965.1999999999999,2003-05-10
646:MT:SNTL,2004,2004-06-25,116,False,melt_out,673.0999999999999,828.04,2004-04-20
646:MT:SNTL,2005,2005-06-27,118,False,melt_out,454.6599999999999,868.6800000000001,2005-04-20
646:MT:SNTL,2006,2006-06-25,116,False,melt_out,883.9199999999998,1209.04,2006-04-20
646:MT:SNTL,2007,2007-06-26,117,False,melt_out,777.24,1076.9599999999998,2007-04-21
646:MT:SNTL,2008,2008-07-11,132,False,melt_out,703.5799999999999,1082.04,2008-05-17
646:MT:SNTL,2009,2009-06-28,119,False,melt_out,685.8,1036.32,2009-05-14
646:MT:SNTL,2010,2010-07-12,133,False,melt_out,759.4599999999999,1170.94,2010-05-08
646:MT:SNTL,2011,2011-07-31,152,False,melt_out,1206.5,1831.3399999999997,2011-05-05
646:MT:SNTL,2012,2012-07-13,134,False,melt_out,779.78,1224.28,2012-05-06
646:MT:SNTL,2013,2013-06-27,118,False,melt_out,726.4399999999999,1145.54,2013-05-05
646:MT:SNTL,2014,2014-07-08,129,False,melt_out,848.3599999999999,1361.44,2014-05-12
646:MT:SNTL,2015,2015-06-12,103,False,melt_out,871.2199999999999,1112.5199999999998,2015-04-20
646:MT:SNTL,2016,2016-06-23,114,False,melt_out,744.22,1003.3,2016-04-17
646:MT:SNTL,2017,2017-06-30,121,False,melt_out,734.06,1333.5,2017-05-02
646:MT:SNTL,2018,2018-07-02,123,False,melt_out,1064.26,1457.9599999999998,2018-04-18
646:MT:SNTL,2019,2019-06-25,116,False,melt_out,693.42,970.28,2019-04-17
646:MT:SNTL,2020,2020-07-06,127,False,melt_out,822.9599999999999,1107.44,2020-04-25
646:MT:SNTL,2021,2021-06-23,114,False,melt_out,779.78,916.9399999999999,2021-04-27
646:MT:SNTL,2022,2022-07-08,129,False,melt_out,756.92,1097.28,2022-05-01
646:MT:SNTL,2023,2023-06-16,107,False,melt_out,901.6999999999999,1145.54,2023-04-26
646:MT:SNTL,2024,2024-06-29,120,False,melt_out,594.3599999999999,894.08,2024-05-08
646:MT:SNTL,2025,2025-06-27,118,False,melt_out,764.54,1082.04,2025-04-21
648:WA:SNTL,1991,1991-05-30,90,False,melt_out,160.01999999999998,431.79999999999995,1991-04-08
648:WA:SNTL,1992,1992-04-29,59,False,melt_out,408.94,424.17999999999995,1992-02-21
648:WA:SNTL,1993,1993-05-23,83,False,melt_out,454.6599999999999,523.24,1993-04-13
648:WA:SNTL,1994,1994-05-27,87,False,melt_out,635.0,721.3599999999999,1994-03-22
648:WA:SNTL,1995,1995-06-09,100,False,melt_out,734.06,1031.24,1995-04-19
648:WA:SNTL,1996,1996-06-03,94,False,melt_out,419.09999999999997,441.9599999999999,1996-04-03
648:WA:SNTL,1997,1997-06-06,97,False,melt_out,706.12,861.06,1997-04-02
648:WA:SNTL,1998,1998-06-12,103,False,melt_out,944.88,1056.6399999999999,1998-04-14
648:WA:SNTL,1999,1999-06-16,107,False,melt_out,1673.8600000000001,2072.64,1999-03-28
648:WA:SNTL,2000,2000-06-14,105,False,melt_out,815.34,911.8599999999999,2000-03-29
648:WA:SNTL,2001,2001-05-31,91,False,melt_out,469.9,619.7599999999999,2001-04-17
648:WA:SNTL,2002,2002-06-22,113,False,melt_out,711.1999999999999,922.0199999999999,2002-03-26
648:WA:SNTL,2003,2003-06-04,95,False,melt_out,490.21999999999997,624.84,2003-04-07
648:WA:SNTL,2004,2004-06-02,93,False,melt_out,683.2599999999999,782.3199999999999,2004-04-01
648:WA:SNTL,2005,2005-05-16,76,False,melt_out,279.4,467.35999999999996,2005-04-15
648:WA:SNTL,2006,2006-06-24,115,False,melt_out,718.8199999999999,982.98,2006-03-22
648:WA:SNTL,2007,2007-06-04,95,False,melt_out,744.22,762.0,2007-03-09
648:WA:SNTL,2008,2008-07-01,122,False,melt_out,797.56,1099.82,2008-04-25
648:WA:SNTL,2009,2009-05-31,91,False,melt_out,292.09999999999997,477.52,2009-04-13
648:WA:SNTL,2010,2010-07-06,127,False,melt_out,668.02,1033.78,2010-04-09
648:WA:SNTL,2011,2011-07-30,151,False,melt_out,876.3,1262.38,2011-04-17
648:WA:SNTL,2012,2012-07-05,126,False,melt_out,716.28,1209.04,2012-04-20
648:WA:SNTL,2013,2013-06-11,102,False,melt_out,848.3599999999999,911.8599999999999,2013-03-22
648:WA:SNTL,2014,2014-05-25,85,False,melt_out,398.78,502.92,2014-04-03
648:WA:SNTL,2015,2015-03-28,27,False,melt_out,20.32,66.03999999999999,2015-01-04
648:WA:SNTL,2016,2016-05-30,90,False,melt_out,657.8599999999999,881.38,2016-03-25
648:WA:SNTL,2017,2017-06-19,110,False,melt_out,614.68,894.08,2017-04-13
648:WA:SNTL,2018,2018-06-06,97,False,melt_out,744.22,927.0999999999999,2018-04-16
648:WA:SNTL,2019,2019-05-22,82,False,melt_out,485.14,548.64,2019-04-08
648:WA:SNTL,2020,2020-05-30,90,False,melt_out,563.88,690.88,2020-04-04
648:WA:SNTL,2022,2022-07-01,122,False,melt_out,556.2599999999999,835.66,2022-04-22
648:WA:SNTL,2023,2023-06-11,102,False,melt_out,754.38,1102.36,2023-04-21
648:WA:SNTL,2024,2024-06-06,97,False,melt_out,304.79999999999995,558.8,2024-04-06
648:WA:SNTL,2025,2025-06-09,100,False,melt_out,759.4599999999999,932.1800000000001,2025-04-12
692:WA:SNTL,1991,1991-07-11,132,False,melt_out,1259.84,1709.4199999999998,1991-04-17
692:WA:SNTL,1992,1992-06-03,94,False,melt_out,990.5999999999999,1140.4599999999998,1992-04-22
692:WA:SNTL,1993,1993-06-01,92,False,melt_out,713.74,1201.4199999999998,1993-04-29
692:WA:SNTL,1994,1994-06-23,114,False,melt_out,810.2599999999999,1036.32,1994-04-14
692:WA:SNTL,1995,1995-07-02,123,False,melt_out,1064.26,1374.1399999999999,1995-05-09
692:WA:SNTL,1996,1996-07-05,126,False,melt_out,1183.6399999999999,1465.58,1996-04-26
692:WA:SNTL,1997,1997-07-22,143,False,melt_out,2049.7799999999997,2692.3999999999996,1997-05-04
692:WA:SNTL,1998,1998-06-29,120,False,melt_out,1109.98,1407.1599999999999,1998-04-20
692:WA:SNTL,1999,1999-07-29,150,False,melt_out,1729.7399999999998,2250.4399999999996,1999-05-25
692:WA:SNTL,2000,2000-06-25,116,False,melt_out,901.6999999999999,1386.84,2000-05-02
692:WA:SNTL,2001,2001-06-20,111,False,melt_out,497.84000000000003,774.6999999999999,2001-05-07
692:WA:SNTL,2002,2002-07-03,124,False,melt_out,1206.5,1747.5199999999998,2002-04-15
692:WA:SNTL,2003,2003-07-02,123,False,melt_out,883.9199999999998,1374.1399999999999,2003-05-12
692:WA:SNTL,2004,2004-06-28,119,False,melt_out,1247.1399999999999,1496.06,2004-04-04
692:WA:SNTL,2005,2005-06-03,94,False,melt_out,335.28,673.0999999999999,2005-04-16
692:WA:SNTL,2006,2006-07-06,127,False,melt_out,1402.08,1742.4399999999998,2006-05-06
692:WA:SNTL,2007,2007-06-24,115,False,melt_out,1280.1599999999999,1541.78,2007-04-28
692:WA:SNTL,2008,2008-07-17,138,False,melt_out,1381.76,1932.9399999999998,2008-05-15
692:WA:SNTL,2009,2009-07-10,131,False,melt_out,1112.5199999999998,1892.3,2009-05-17
692:WA:SNTL,2010,2010-07-13,134,False,melt_out,815.34,1526.54,2010-05-13
692:WA:SNTL,2011,2011-08-02,154,False,melt_out,1071.88,1755.1399999999996,2011-05-14
692:WA:SNTL,2012,2012-07-23,144,False,melt_out,1490.98,2151.38,2012-05-15
692:WA:SNTL,2013,2013-07-02,123,False,melt_out,1051.56,1508.76,2013-04-26
692:WA:SNTL,2014,2014-07-08,129,False,melt_out,1267.4599999999998,1821.18,2014-04-27
692:WA:SNTL,2015,2015-05-27,87,False,melt_out,462.28,637.54,2015-04-16
692:WA:SNTL,2016,2016-06-22,113,False,melt_out,1071.88,1470.6599999999999,2016-04-01
692:WA:SNTL,2017,2017-07-01,122,False,melt_out,906.78,1506.2199999999998,2017-05-01
692:WA:SNTL,2018,2018-06-22,113,False,melt_out,1150.62,1498.6,2018-04-24
692:WA:SNTL,2019,2019-06-15,106,False,melt_out,868.6800000000001,1191.26,2019-04-18
692:WA:SNTL,2020,2020-07-02,123,False,melt_out,1417.32,1755.1399999999996,2020-04-07
692:WA:SNTL,2021,2021-06-25,116,False,melt_out,1234.44,1488.44,2021-04-20
692:WA:SNTL,2022,2022-07-11,132,False,melt_out,807.72,1292.86,2022-05-15
692:WA:SNTL,2023,2023-06-13,104,False,melt_out,787.4,1125.2199999999998,2023-04-21
692:WA:SNTL,2024,2024-06-28,119,False,melt_out,800.0999999999999,1120.1399999999999,2024-05-10
692:WA:SNTL,2025,2025-06-15,106,False,melt_out,1010.9199999999998,1369.06,2025-03-24
697:CA:SNTL,1991,1991-05-19,79,False,melt_out,106.67999999999999,381.0,1991-03-31
697:CA:SNTL,1992,1992-04-15,45,False,melt_out,193.04,205.73999999999998,1992-02-19
697:CA:SNTL,1993,1993-05-18,78,False,melt_out,734.06,774.6999999999999,1993-04-04
697:CA:SNTL,1994,1994-05-20,80,False,melt_out,320.03999999999996,342.9,1994-03-06
697:CA:SNTL,1995,1995-06-03,94,False,melt_out,472.44,769.62,1995-04-01
697:CA:SNTL,1996,1996-05-09,69,False,melt_out,368.29999999999995,492.75999999999993,1996-04-01
697:CA:SNTL,1997,1997-04-27,57,False,melt_out,347.97999999999996,457.2,1997-01-26
697:CA:SNTL,1998,1998-05-29,89,False,melt_out,416.55999999999995,541.02,1998-04-01
697:CA:SNTL,1999,1999-05-20,80,False,melt_out,411.47999999999996,553.72,1999-04-08
697:CA:SNTL,2000,2000-04-23,53,False,melt_out,426.71999999999997,462.28,2000-03-09
697:CA:SNTL,2001,2001-05-10,70,False,melt_out,347.97999999999996,467.35999999999996,2001-04-11
697:CA:SNTL,2002,2002-05-07,67,False,melt_out,391.15999999999997,505.4599999999999,2002-03-23
697:CA:SNTL,2003,2003-05-22,82,False,melt_out,416.55999999999995,452.12,2003-04-06
697:CA:SNTL,2004,2004-05-01,61,False,melt_out,416.55999999999995,421.64,2004-03-02
697:CA:SNTL,2005,2005-05-27,87,False,melt_out,568.9599999999999,756.92,2005-04-08
697:CA:SNTL,2006,2006-05-14,74,False,melt_out,375.92,543.56,2006-04-11
697:CA:SNTL,2007,2007-04-29,59,False,melt_out,279.4,279.4,2007-02-27
697:CA:SNTL,2008,2008-05-14,74,False,melt_out,495.29999999999995,535.94,2008-03-18
697:CA:SNTL,2009,2009-05-14,74,False,melt_out,342.9,480.05999999999995,2009-03-22
697:CA:SNTL,2010,2010-06-02,93,False,melt_out,429.25999999999993,548.64,2010-04-12
697:CA:SNTL,2011,2011-06-03,94,False,melt_out,505.4599999999999,764.54,2011-03-26
697:CA:SNTL,2012,2012-04-29,59,False,melt_out,160.01999999999998,246.37999999999997,2012-04-14
697:CA:SNTL,2013,2013-04-28,58,False,melt_out,274.32,304.79999999999995,2013-03-07
697:CA:SNTL,2014,2014-04-28,58,False,melt_out,203.2,226.06,2014-04-01
697:CA:SNTL,2015,2015-04-10,40,False,melt_out,101.6,106.67999999999999,2015-02-09
697:CA:SNTL,2016,2016-05-13,73,False,melt_out,355.59999999999997,424.17999999999995,2016-03-28
697:CA:SNTL,2017,2017-05-28,88,False,melt_out,756.92,942.34,2017-04-16
697:CA:SNTL,2018,2018-05-06,66,False,melt_out,162.56,391.15999999999997,2018-03-27
697:CA:SNTL,2019,2019-06-01,92,False,melt_out,675.64,894.08,2019-04-04
697:CA:SNTL,2020,2020-05-04,64,False,melt_out,251.46,393.7,2020-04-09
697:CA:SNTL,2021,2021-05-22,82,False,melt_out,327.65999999999997,431.79999999999995,2021-03-25
697:CA:SNTL,2022,2022-05-07,67,False,melt_out,373.37999999999994,381.0,2022-03-10
697:CA:SNTL,2023,2023-06-14,105,False,melt_out,1168.3999999999999,1498.6,2023-04-06
697:CA:SNTL,2024,2024-05-14,74,False,melt_out,350.52,502.92,2024-04-04
697:CA:SNTL,2025,2025-05-10,70,False,melt_out,360.67999999999995,454.6599999999999,2025-03-17
700:MT:SNTL,1991,1991-05-22,82,False,melt_out,114.3,251.46,1991-04-19
700:MT:SNTL,1992,1992-05-09,69,False,melt_out,127.0,127.0,1992-02-26
700:MT:SNTL,1993,1993-05-14,74,False,melt_out,139.7,177.79999999999998,1993-04-20
700:MT:SNTL,1994,1994-04-19,49,False,melt_out,104.13999999999999,106.67999999999999,1994-03-09
700:MT:SNTL,1995,1995-05-19,79,False,melt_out,134.61999999999998,220.97999999999996,1995-04-29
700:MT:SNTL,1996,1996-05-21,81,False,melt_out,132.07999999999998,210.82,1996-04-06
700:MT:SNTL,1997,1997-05-26,86,False,melt_out,289.56,363.21999999999997,1997-04-12
700:MT:SNTL,1998,1998-04-29,59,False,melt_out,139.7,154.93999999999997,1998-03-19
700:MT:SNTL,1999,1999-05-03,63,False,melt_out,160.01999999999998,170.18,1999-03-12
700:MT:SNTL,2000,2000-05-30,90,False,melt_out,124.46000000000001,149.86,2000-03-24
700:MT:SNTL,2001,2001-05-04,64,False,melt_out,119.38,193.04,2001-04-13
700:MT:SNTL,2002,2002-05-24,84,False,melt_out,121.91999999999999,157.48,2002-04-02
700:MT:SNTL,2003,2003-05-20,80,False,melt_out,152.39999999999998,205.73999999999998,2003-04-03
700:MT:SNTL,2004,2004-04-22,52,False,melt_out,177.79999999999998,190.5,2004-03-05
700:MT:SNTL,2005,2005-04-25,55,False,melt_out,73.66,124.46000000000001,2005-03-27
700:MT:SNTL,2006,2006-04-29,59,False,melt_out,180.33999999999997,228.6,2006-04-02
700:MT:SNTL,2007,2007-04-21,51,False,melt_out,119.38,121.91999999999999,2007-03-03
700:MT:SNTL,2008,2008-05-23,83,False,melt_out,134.61999999999998,198.11999999999998,2008-04-11
700:MT:SNTL,2009,2009-05-12,72,False,melt_out,152.39999999999998,213.35999999999999,2009-04-04
700:MT:SNTL,2010,2010-05-25,85,False,melt_out,121.91999999999999,144.78,2010-04-14
700:MT:SNTL,2011,2011-05-31,91,False,melt_out,165.1,274.32,2011-05-01
700:MT:SNTL,2012,2012-05-07,67,False,melt_out,132.07999999999998,154.93999999999997,2012-03-19
700:MT:SNTL,2013,2013-04-29,59,False,melt_out,93.98,116.83999999999999,2013-03-22
700:MT:SNTL,2014,2014-05-17,77,False,melt_out,220.97999999999996,292.09999999999997,2014-03-30
700:MT:SNTL,2015,2015-04-28,58,False,melt_out,81.28,91.44,2015-01-24
700:MT:SNTL,2016,2016-04-17,47,False,melt_out,99.05999999999999,124.46000000000001,2016-03-31
700:MT:SNTL,2017,2017-05-01,61,False,melt_out,96.52,124.46000000000001,2017-03-10
700:MT:SNTL,2018,2018-05-11,71,False,melt_out,259.08,347.97999999999996,2018-04-13
700:MT:SNTL,2019,2019-05-12,72,False,melt_out,193.04,205.73999999999998,2019-04-14
700:MT:SNTL,2020,2020-05-24,84,False,melt_out,119.38,165.1,2020-04-04
700:MT:SNTL,2021,2021-05-23,83,False,melt_out,114.3,127.0,2021-03-19
700:MT:SNTL,2022,2022-05-20,80,False,melt_out,104.13999999999999,116.83999999999999,2022-03-20
700:MT:SNTL,2023,2023-05-03,63,False,melt_out,157.48,213.35999999999999,2023-04-05
700:MT:SNTL,2024,2024-05-25,85,False,melt_out,83.82,137.16,2024-04-09
700:MT:SNTL,2025,2025-05-06,66,False,melt_out,160.01999999999998,190.5,2025-03-22
712:OR:SNTL,1991,1991-06-22,113,False,melt_out,543.56,988.06,1991-04-10
712:OR:SNTL,1992,1992-05-19,79,False,melt_out,416.55999999999995,457.2,1992-02-23
712:OR:SNTL,1993,1993-06-03,94,False,melt_out,1036.32,1280.1599999999999,1993-03-24
712:OR:SNTL,1994,1994-05-27,87,False,melt_out,957.58,1094.74,1994-04-13
712:OR:SNTL,1995,1995-05-30,90,False,melt_out,894.08,977.9,1995-02-22
712:OR:SNTL,1996,1996-06-09,100,False,melt_out,916.9399999999999,1038.86,1996-02-07
712:OR:SNTL,1997,1997-06-17,108,False,melt_out,1508.76,1996.4399999999998,1997-03-17
712:OR:SNTL,1998,1998-06-12,103,False,melt_out,1168.3999999999999,1348.74,1998-04-14
712:OR:SNTL,1999,1999-07-02,123,False,melt_out,1574.8,1737.3600000000001,1999-05-17
712:OR:SNTL,2000,2000-06-17,108,False,melt_out,1170.94,1399.54,2000-04-04
712:OR:SNTL,2001,2001-05-31,91,False,melt_out,601.9799999999999,858.5199999999999,2001-04-17
712:OR:SNTL,2002,2002-06-26,117,False,melt_out,1496.06,1940.56,2002-04-06
712:OR:SNTL,2003,2003-06-09,100,False,melt_out,340.36,802.64,2003-04-07
712:OR:SNTL,2004,2004-06-05,96,False,melt_out,1158.24,1323.34,2004-03-07
712:OR:SNTL,2005,2005-05-09,69,False,melt_out,119.38,353.06,2005-04-15
712:OR:SNTL,2006,2006-06-15,106,False,melt_out,1140.4599999999998,1402.08,2006-04-14
712:OR:SNTL,2007,2007-06-06,97,False,melt_out,1267.4599999999998,1468.12,2007-03-13
712:OR:SNTL,2008,2008-07-16,137,False,melt_out,1755.1399999999996,2575.56,2008-04-30
712:OR:SNTL,2009,2009-06-24,115,False,melt_out,1145.54,1407.1599999999999,2009-04-02
712:OR:SNTL,2010,2010-06-22,113,False,melt_out,662.94,1155.7,2010-05-03
712:OR:SNTL,2011,2011-07-03,124,False,melt_out,1005.84,1775.46,2011-05-11
712:OR:SNTL,2012,2012-06-27,118,False,melt_out,1145.54,1719.58,2012-04-19
712:OR:SNTL,2013,2013-06-06,97,False,melt_out,990.5999999999999,1178.56,2013-04-19
712:OR:SNTL,2014,2014-06-04,95,False,melt_out,825.5,1041.3999999999999,2014-04-05
712:OR:SNTL,2015,2015-04-30,60,False,melt_out,22.86,172.72,2015-01-04
712:OR:SNTL,2016,2016-05-30,90,False,melt_out,919.48,1203.9599999999998,2016-03-27
712:OR:SNTL,2017,2017-06-22,113,False,melt_out,1211.58,1607.82,2017-04-26
712:OR:SNTL,2018,2018-06-10,101,False,melt_out,840.74,1168.3999999999999,2018-04-17
712:OR:SNTL,2019,2019-05-31,91,False,melt_out,889.0,1082.04,2019-04-10
712:OR:SNTL,2020,2020-06-11,102,False,melt_out,1000.7599999999999,1254.76,2020-04-04
712:OR:SNTL,2021,2021-06-14,105,False,melt_out,1325.88,1424.94,2021-04-16
712:OR:SNTL,2022,2022-06-29,120,False,melt_out,1455.4199999999998,1899.9199999999998,2022-05-07
712:OR:SNTL,2023,2023-06-15,106,False,melt_out,843.28,1541.78,2023-04-30
712:OR:SNTL,2024,2024-06-17,108,False,melt_out,807.72,1061.7199999999998,2024-05-07
712:OR:SNTL,2025,2025-06-05,96,False,melt_out,955.04,1292.86,2025-03-25
715:NM:SNTL,1991,1991-04-24,54,False,melt_out,170.18,302.26,1991-04-02
715:NM:SNTL,1992,1992-04-25,55,False,melt_out,193.04,254.0,1992-03-31
715:NM:SNTL,1993,1993-05-02,62,False,melt_out,317.5,320.03999999999996,1993-03-02
715:NM:SNTL,1994,1994-05-14,74,False,melt_out,215.89999999999998,299.72,1994-04-11
715:NM:SNTL,1995,1995-05-31,91,False,melt_out,175.26,208.27999999999997,1995-04-01
715:NM:SNTL,1996,1996-04-15,45,False,melt_out,99.05999999999999,129.54,1996-03-20
715:NM:SNTL,1997,1997-04-27,57,False,melt_out,215.89999999999998,231.14,1997-03-07
715:NM:SNTL,1998,1998-05-02,62,False,melt_out,147.32,195.57999999999998,1998-03-18
715:NM:SNTL,1999,1999-05-09,69,False,melt_out,114.3,152.39999999999998,1999-02-13
715:NM:SNTL,2000,2000-04-21,51,False,melt_out,104.13999999999999,195.57999999999998,2000-04-02
715:NM:SNTL,2001,2001-04-19,49,False,melt_out,200.66,238.76,2001-03-22
715:NM:SNTL,2002,2002-03-30,29,False,melt_out,137.16,154.93999999999997,2002-03-09
715:NM:SNTL,2003,2003-04-21,51,False,melt_out,167.64,218.43999999999997,2003-03-27
715:NM:SNTL,2004,2004-04-26,56,False,melt_out,170.18,190.5,2004-03-04
715:NM:SNTL,2005,2005-05-05,65,False,melt_out,220.97999999999996,325.12,2005-03-31
715:NM:SNTL,2006,2006-04-10,40,False,melt_out,40.64,106.67999999999999,2006-04-01
715:NM:SNTL,2007,2007-04-17,47,False,melt_out,243.83999999999997,251.46,2007-03-05
715:NM:SNTL,2008,2008-04-22,52,False,melt_out,284.47999999999996,327.65999999999997,2008-03-14
715:NM:SNTL,2009,2009-04-25,55,False,melt_out,198.11999999999998,226.06,2009-03-13
715:NM:SNTL,2010,2010-04-27,57,False,melt_out,177.79999999999998,266.7,2010-03-28
715:NM:SNTL,2011,2011-03-29,28,False,melt_out,119.38,127.0,2011-03-08
715:NM:SNTL,2012,2012-04-16,46,False,melt_out,185.42,208.27999999999997,2012-03-11
715:NM:SNTL,2013,2013-04-17,47,False,melt_out,162.56,193.04,2013-03-17
715:NM:SNTL,2014,2014-04-17,47,False,melt_out,38.099999999999994,88.89999999999999,2014-02-03
715:NM:SNTL,2015,2015-04-06,36,False,melt_out,195.57999999999998,210.82,2015-03-09
715:NM:SNTL,2016,2016-05-02,62,False,melt_out,132.07999999999998,160.01999999999998,2016-02-03
715:NM:SNTL,2017,2017-05-01,61,False,melt_out,226.06,233.67999999999998,2017-03-06
715:NM:SNTL,2018,2018-03-31,30,False,melt_out,58.419999999999995,60.959999999999994,2018-03-02
715:NM:SNTL,2019,2019-05-23,83,False,melt_out,187.96,284.47999999999996,2019-03-22
715:NM:SNTL,2020,2020-04-12,42,False,melt_out,180.33999999999997,210.82,2020-03-23
715:NM:SNTL,2021,2021-04-13,43,False,melt_out,157.48,203.2,2021-03-25
715:NM:SNTL,2022,2022-04-10,40,False,melt_out,106.67999999999999,162.56,2022-03-18
715:NM:SNTL,2023,2023-04-16,46,False,melt_out,144.78,187.96,2023-03-27
715:NM:SNTL,2024,2024-04-13,43,False,melt_out,147.32,147.32,2024-02-28
715:NM:SNTL,2025,2025-05-11,71,False,melt_out,12.7,53.339999999999996,2025-02-19
716:WY:SNTL,1991,1991-05-21,81,False,melt_out,187.96,388.62,1991-04-30
716:WY:SNTL,1992,1992-05-06,66,False,melt_out,279.4,408.94,1992-03-29
716:WY:SNTL,1993,1993-05-30,90,False,melt_out,340.36,650.24,1993-04-30
716:WY:SNTL,1994,1994-05-15,75,False,melt_out,297.17999999999995,381.0,1994-04-15
716:WY:SNTL,1995,1995-06-21,112,False,melt_out,205.73999999999998,683.2599999999999,1995-05-13
716:WY:SNTL,1996,1996-06-02,93,False,melt_out,312.42,518.16,1996-04-30
716:WY:SNTL,1997,1997-06-06,97,False,melt_out,485.14,670.56,1997-04-13
716:WY:SNTL,1998,1998-05-15,75,False,melt_out,266.7,360.67999999999995,1998-04-18
716:WY:SNTL,1999,1999-05-28,88,False,melt_out,294.64,459.74,1999-04-25
716:WY:SNTL,2000,2000-05-25,85,False,melt_out,248.92000000000002,403.86,2000-04-19
716:WY:SNTL,2001,2001-05-23,83,False,melt_out,248.92000000000002,424.17999999999995,2001-04-22
716:WY:SNTL,2002,2002-05-14,74,False,melt_out,185.42,251.46,2002-04-09
716:WY:SNTL,2003,2003-05-28,88,False,melt_out,195.57999999999998,373.37999999999994,2003-04-24
716:WY:SNTL,2004,2004-05-12,72,False,melt_out,279.4,299.72,2004-03-14
716:WY:SNTL,2005,2005-05-21,81,False,melt_out,165.1,274.32,2005-04-05
716:WY:SNTL,2006,2006-05-18,78,False,melt_out,332.73999999999995,419.09999999999997,2006-04-07
716:WY:SNTL,2007,2007-05-20,80,False,melt_out,274.32,360.67999999999995,2007-03-30
716:WY:SNTL,2008,2008-06-08,99,False,melt_out,254.0,464.82,2008-05-15
716:WY:SNTL,2009,2009-05-26,86,False,melt_out,228.6,452.12,2009-04-18
716:WY:SNTL,2010,2010-06-14,105,False,melt_out,243.83999999999997,464.82,2010-04-07
716:WY:SNTL,2011,2011-06-08,99,False,melt_out,304.79999999999995,482.59999999999997,2011-05-02
716:WY:SNTL,2012,2012-05-12,72,False,melt_out,381.0,381.0,2012-02-29
716:WY:SNTL,2013,2013-05-25,85,False,melt_out,195.57999999999998,342.9,2013-04-24
716:WY:SNTL,2014,2014-06-04,95,False,melt_out,327.65999999999997,523.24,2014-04-16
716:WY:SNTL,2015,2015-05-31,91,False,melt_out,213.35999999999999,302.26,2015-04-18
716:WY:SNTL,2016,2016-06-04,95,False,melt_out,251.46,487.67999999999995,2016-04-30
716:WY:SNTL,2017,2017-05-26,86,False,melt_out,248.92000000000002,342.9,2017-05-02
716:WY:SNTL,2018,2018-05-13,73,False,melt_out,198.11999999999998,287.02,2018-04-18
716:WY:SNTL,2019,2019-06-09,100,False,melt_out,287.02,441.9599999999999,2019-04-17
716:WY:SNTL,2020,2020-05-29,89,False,melt_out,370.84,469.9,2020-04-24
716:WY:SNTL,2021,2021-05-28,88,False,melt_out,203.2,419.09999999999997,2021-04-24
716:WY:SNTL,2022,2022-06-05,96,False,melt_out,233.67999999999998,388.62,2022-04-30
716:WY:SNTL,2023,2023-05-27,87,False,melt_out,325.12,434.34000000000003,2023-04-07
716:WY:SNTL,2024,2024-06-12,103,False,melt_out,177.79999999999998,307.34,2024-05-09
716:WY:SNTL,2025,2025-05-24,84,False,melt_out,198.11999999999998,309.87999999999994,2025-04-05
730:WY:SNTL,1991,1991-05-19,79,False,melt_out,195.57999999999998,266.7,1991-03-25
730:WY:SNTL,1992,1992-04-24,54,False,melt_out,195.57999999999998,208.27999999999997,1992-03-24
730:WY:SNTL,1993,1993-05-21,81,False,melt_out,269.23999999999995,370.84,1993-04-18
730:WY:SNTL,1994,1994-05-06,66,False,melt_out,236.22,297.17999999999995,1994-04-08
730:WY:SNTL,1995,1995-05-21,81,False,melt_out,276.86,347.97999999999996,1995-03-24
730:WY:SNTL,1996,1996-05-25,85,False,melt_out,381.0,439.42,1996-04-02
730:WY:SNTL,1997,1997-05-22,82,False,melt_out,508.0,571.5,1997-04-09
730:WY:SNTL,1998,1998-05-20,80,False,melt_out,327.65999999999997,403.86,1998-04-14
730:WY:SNTL,1999,1999-05-25,85,False,melt_out,368.29999999999995,431.79999999999995,1999-04-11
730:WY:SNTL,2000,2000-05-13,73,False,melt_out,297.17999999999995,340.36,2000-03-29
730:WY:SNTL,2001,2001-05-04,64,False,melt_out,185.42,233.67999999999998,2001-04-13
730:WY:SNTL,2002,2002-05-23,83,False,melt_out,223.52,287.02,2002-03-25
730:WY:SNTL,2003,2003-05-13,73,False,melt_out,238.76,314.96,2003-04-07
730:WY:SNTL,2004,2004-05-05,65,False,melt_out,299.72,322.58,2004-03-08
730:WY:SNTL,2005,2005-05-20,80,False,melt_out,259.08,347.97999999999996,2005-04-06
730:WY:SNTL,2006,2006-05-13,73,False,melt_out,358.14,431.79999999999995,2006-04-01
730:WY:SNTL,2007,2007-05-07,67,False,melt_out,251.46,274.32,2007-04-03
730:WY:SNTL,2008,2008-05-27,87,False,melt_out,292.09999999999997,370.84,2008-04-09
730:WY:SNTL,2009,2009-05-21,81,False,melt_out,297.17999999999995,419.09999999999997,2009-04-16
730:WY:SNTL,2010,2010-05-24,84,False,melt_out,187.96,279.4,2010-04-13
730:WY:SNTL,2011,2011-06-07,98,False,melt_out,363.21999999999997,538.4799999999999,2011-04-29
730:WY:SNTL,2012,2012-04-26,56,False,melt_out,256.53999999999996,266.7,2012-03-09
730:WY:SNTL,2013,2013-05-11,71,False,melt_out,210.82,259.08,2013-04-22
730:WY:SNTL,2014,2014-05-21,81,False,melt_out,408.94,474.97999999999996,2014-04-02
730:WY:SNTL,2015,2015-04-29,59,False,melt_out,254.0,271.78,2015-03-12
730:WY:SNTL,2016,2016-05-08,68,False,melt_out,241.29999999999998,342.9,2016-03-30
730:WY:SNTL,2017,2017-05-23,83,False,melt_out,487.67999999999995,520.6999999999999,2017-03-14
730:WY:SNTL,2018,2018-05-05,65,False,melt_out,213.35999999999999,289.56,2018-04-01
730:WY:SNTL,2019,2019-05-26,86,False,melt_out,287.02,391.15999999999997,2019-04-16
730:WY:SNTL,2020,2020-05-12,72,False,melt_out,320.03999999999996,408.94,2020-04-04
730:WY:SNTL,2021,2021-05-24,84,False,melt_out,271.78,289.56,2021-03-28
730:WY:SNTL,2022,2022-05-19,79,False,melt_out,220.97999999999996,337.82,2022-04-16
730:WY:SNTL,2023,2023-05-21,81,False,melt_out,383.53999999999996,556.2599999999999,2023-04-07
730:WY:SNTL,2024,2024-05-16,76,False,melt_out,317.5,411.47999999999996,2024-04-02
730:WY:SNTL,2025,2025-05-10,70,False,melt_out,332.73999999999995,403.86,2025-03-23
731:WY:SNTL,1991,1991-06-19,110,False,melt_out,414.02,739.14,1991-05-08
731:WY:SNTL,1992,1992-06-08,99,False,melt_out,424.17999999999995,617.22,1992-04-23
731:WY:SNTL,1993,1993-06-30,121,False,melt_out,546.1,939.8,1993-05-10
731:WY:SNTL,1994,1994-06-08,99,False,melt_out,609.5999999999999,807.72,1994-04-14
731:WY:SNTL,1995,1995-07-11,132,False,melt_out,449.58,1049.02,1995-05-30
731:WY:SNTL,1996,1996-06-26,117,False,melt_out,693.42,993.14,1996-05-01
731:WY:SNTL,1997,1997-06-24,115,False,melt_out,822.9599999999999,1148.08,1997-04-30
731:WY:SNTL,1998,1998-06-26,117,False,melt_out,508.0,800.0999999999999,1998-04-28
731:WY:SNTL,1999,1999-07-02,123,False,melt_out,746.7599999999999,1239.5199999999998,1999-05-23
731:WY:SNTL,2000,2000-06-07,98,False,melt_out,469.9,655.3199999999999,2000-04-24
731:WY:SNTL,2001,2001-06-11,102,False,melt_out,500.37999999999994,810.2599999999999,2001-04-23
731:WY:SNTL,2002,2002-06-14,105,False,melt_out,368.29999999999995,632.4599999999999,2002-04-27
731:WY:SNTL,2003,2003-06-26,117,False,melt_out,411.47999999999996,883.9199999999998,2003-05-11
731:WY:SNTL,2004,2004-06-14,105,False,melt_out,464.82,635.0,2004-04-25
731:WY:SNTL,2005,2005-06-26,117,False,melt_out,467.35999999999996,736.5999999999999,2005-05-12
731:WY:SNTL,2006,2006-06-14,105,False,melt_out,688.34,853.4399999999999,2006-04-09
731:WY:SNTL,2007,2007-06-22,113,False,melt_out,525.78,744.22,2007-04-26
731:WY:SNTL,2008,2008-07-03,124,False,melt_out,579.12,896.6199999999999,2008-05-15
731:WY:SNTL,2009,2009-06-28,119,False,melt_out,609.5999999999999,952.5,2009-05-05
731:WY:SNTL,2010,2010-07-03,124,False,melt_out,591.8199999999999,1041.3999999999999,2010-05-19
731:WY:SNTL,2011,2011-07-18,139,False,melt_out,850.9,1498.6,2011-05-28
731:WY:SNTL,2012,2012-06-07,98,False,melt_out,558.8,627.38,2012-04-20
731:WY:SNTL,2013,2013-06-16,107,False,melt_out,424.17999999999995,678.18,2013-04-25
731:WY:SNTL,2014,2014-06-30,121,False,melt_out,665.4799999999999,1023.6199999999999,2014-05-13
731:WY:SNTL,2015,2015-06-22,113,False,melt_out,457.2,673.0999999999999,2015-04-26
731:WY:SNTL,2016,2016-06-24,115,False,melt_out,482.59999999999997,909.3199999999998,2016-05-09
731:WY:SNTL,2017,2017-06-25,116,False,melt_out,655.3199999999999,855.98,2017-05-04
731:WY:SNTL,2018,2018-06-10,101,False,melt_out,541.02,774.6999999999999,2018-04-21
731:WY:SNTL,2019,2019-07-10,131,False,melt_out,556.2599999999999,828.04,2019-05-04
731:WY:SNTL,2020,2020-06-22,113,False,melt_out,637.54,858.5199999999999,2020-04-25
731:WY:SNTL,2021,2021-06-16,107,False,melt_out,581.66,800.0999999999999,2021-05-05
731:WY:SNTL,2022,2022-06-22,113,False,melt_out,497.84000000000003,772.16,2022-05-10
731:WY:SNTL,2023,2023-06-26,117,False,melt_out,579.12,795.02,2023-04-28
731:WY:SNTL,2024,2024-06-27,118,False,melt_out,520.6999999999999,939.8,2024-05-10
731:WY:SNTL,2025,2025-06-23,114,False,melt_out,576.5799999999999,756.92,2025-04-06
734:WA:SNTL,1991,1991-05-29,89,False,melt_out,518.16,741.68,1991-04-12
734:WA:SNTL,1992,1992-05-12,72,False,melt_out,660.4,680.72,1992-03-05
734:WA:SNTL,1993,1993-05-17,77,False,melt_out,609.5999999999999,698.5,1993-03-22
734:WA:SNTL,1994,1994-05-17,77,False,melt_out,675.64,792.4799999999999,1994-04-08
734:WA:SNTL,1995,1995-05-31,91,False,melt_out,924.56,1036.32,1995-04-07
734:WA:SNTL,1996,1996-06-01,92,False,melt_out,736.5999999999999,797.56,1996-04-01
734:WA:SNTL,1997,1997-06-13,104,False,melt_out,1308.1,1709.4199999999998,1997-04-19
734:WA:SNTL,1998,1998-05-31,91,False,melt_out,830.58,990.5999999999999,1998-04-13
734:WA:SNTL,1999,1999-06-23,114,False,melt_out,1348.74,1526.54,1999-04-17
734:WA:SNTL,2000,2000-06-03,94,False,melt_out,812.8,952.5,2000-04-01
734:WA:SNTL,2001,2001-05-23,83,False,melt_out,398.78,579.12,2001-04-15
734:WA:SNTL,2002,2002-06-13,104,False,melt_out,889.0,1330.9599999999998,2002-04-17
734:WA:SNTL,2003,2003-05-31,91,False,melt_out,497.84000000000003,739.14,2003-03-29
734:WA:SNTL,2004,2004-05-24,84,False,melt_out,655.3199999999999,744.22,2004-03-27
734:WA:SNTL,2005,2005-05-12,72,False,melt_out,228.6,406.4,2005-04-15
734:WA:SNTL,2006,2006-06-12,103,False,melt_out,889.0,1122.68,2006-04-19
734:WA:SNTL,2007,2007-05-31,91,False,melt_out,1016.0,1069.34,2007-03-10
734:WA:SNTL,2008,2008-06-17,108,False,melt_out,922.0199999999999,1016.0,2008-04-07
734:WA:SNTL,2009,2009-06-03,94,False,melt_out,408.94,632.4599999999999,2009-04-02
734:WA:SNTL,2010,2010-06-14,105,False,melt_out,568.9599999999999,789.9399999999999,2010-04-10
734:WA:SNTL,2011,2011-06-20,111,False,melt_out,533.4,916.9399999999999,2011-04-28
734:WA:SNTL,2012,2012-06-18,109,False,melt_out,850.9,1107.44,2012-04-02
734:WA:SNTL,2013,2013-06-04,95,False,melt_out,660.4,731.52,2013-03-24
734:WA:SNTL,2014,2014-06-03,94,False,melt_out,685.8,825.5,2014-04-01
734:WA:SNTL,2015,2015-05-04,64,False,melt_out,284.47999999999996,297.17999999999995,2015-02-05
734:WA:SNTL,2016,2016-05-23,83,False,melt_out,746.7599999999999,881.38,2016-03-28
734:WA:SNTL,2017,2017-06-02,93,False,melt_out,574.04,825.5,2017-04-06
734:WA:SNTL,2018,2018-05-21,81,False,melt_out,708.66,909.3199999999998,2018-04-17
734:WA:SNTL,2019,2019-05-17,77,False,melt_out,622.3,650.24,2019-03-17
734:WA:SNTL,2020,2020-05-16,76,False,melt_out,645.16,678.18,2020-04-03
734:WA:SNTL,2022,2022-06-07,98,False,melt_out,533.4,680.72,2022-04-20
734:WA:SNTL,2023,2023-05-18,78,False,melt_out,640.0799999999999,779.78,2023-04-06
734:WA:SNTL,2024,2024-05-15,75,False,melt_out,566.42,612.14,2024-03-15
734:WA:SNTL,2025,2025-05-18,78,False,melt_out,678.18,812.8,2025-03-23
749:ID:SNTL,1991,1991-05-12,72,False,melt_out,261.62,314.96,1991-03-27
749:ID:SNTL,1992,1992-04-05,35,False,melt_out,152.39999999999998,160.01999999999998,1992-03-23
749:ID:SNTL,1993,1993-05-15,75,False,melt_out,332.73999999999995,373.37999999999994,1993-03-18
749:ID:SNTL,1994,1994-04-29,59,False,melt_out,220.97999999999996,220.97999999999996,1994-02-27
749:ID:SNTL,1995,1995-05-09,69,False,melt_out,269.23999999999995,322.58,1995-03-24
749:ID:SNTL,1996,1996-05-09,69,False,melt_out,309.87999999999994,375.92,1996-03-30
749:ID:SNTL,1997,1997-05-11,71,False,melt_out,528.3199999999999,568.9599999999999,1997-03-15
749:ID:SNTL,1998,1998-05-04,64,False,melt_out,332.73999999999995,360.67999999999995,1998-03-10
749:ID:SNTL,1999,1999-05-12,72,False,melt_out,370.84,396.23999999999995,1999-03-15
749:ID:SNTL,2000,2000-04-23,53,False,melt_out,284.47999999999996,332.73999999999995,2000-03-23
749:ID:SNTL,2001,2001-04-25,55,False,melt_out,210.82,226.06,2001-03-17
749:ID:SNTL,2002,2002-04-29,59,False,melt_out,294.64,358.14,2002-03-20
749:ID:SNTL,2003,2003-04-22,52,False,melt_out,238.76,266.7,2003-03-27
749:ID:SNTL,2004,2004-04-22,52,False,melt_out,398.78,411.47999999999996,2004-03-06
749:ID:SNTL,2005,2005-04-30,60,False,melt_out,233.67999999999998,302.26,2005-03-31
749:ID:SNTL,2006,2006-05-04,64,False,melt_out,408.94,480.05999999999995,2006-03-28
749:ID:SNTL,2007,2007-04-17,47,False,melt_out,248.92000000000002,259.08,2007-03-09
749:ID:SNTL,2008,2008-05-14,74,False,melt_out,330.2,403.86,2008-04-07
749:ID:SNTL,2009,2009-05-07,67,False,melt_out,251.46,342.9,2009-04-02
749:ID:SNTL,2010,2010-04-26,56,False,melt_out,165.1,246.37999999999997,2010-04-06
749:ID:SNTL,2011,2011-05-21,81,False,melt_out,340.36,441.9599999999999,2011-03-29
749:ID:SNTL,2012,2012-04-17,47,False,melt_out,287.02,292.09999999999997,2012-03-06
749:ID:SNTL,2013,2013-04-28,58,False,melt_out,193.04,228.6,2013-03-22
749:ID:SNTL,2014,2014-05-02,62,False,melt_out,314.96,360.67999999999995,2014-03-17
749:ID:SNTL,2015,2015-04-19,49,False,melt_out,231.14,236.22,2015-02-09
749:ID:SNTL,2016,2016-04-28,58,False,melt_out,269.23999999999995,358.14,2016-03-28
749:ID:SNTL,2017,2017-05-07,67,False,melt_out,416.55999999999995,436.87999999999994,2017-03-09
749:ID:SNTL,2018,2018-05-01,61,False,melt_out,190.5,261.62,2018-03-26
749:ID:SNTL,2019,2019-05-08,68,False,melt_out,373.37999999999994,414.02,2019-03-25
749:ID:SNTL,2020,2020-05-06,66,False,melt_out,281.94,378.46,2020-04-07
749:ID:SNTL,2021,2021-05-06,66,False,melt_out,292.09999999999997,322.58,2021-03-28
749:ID:SNTL,2022,2022-05-15,75,False,melt_out,223.52,269.23999999999995,2022-04-16
749:ID:SNTL,2023,2023-05-19,79,False,melt_out,373.37999999999994,518.16,2023-04-07
749:ID:SNTL,2024,2024-05-12,72,False,melt_out,332.73999999999995,411.47999999999996,2024-03-31
749:ID:SNTL,2025,2025-05-06,66,False,melt_out,292.09999999999997,368.29999999999995,2025-03-23
759:OR:SNTL,1991,1991-05-25,85,False,melt_out,106.67999999999999,228.6,1991-04-28
759:OR:SNTL,1992,1992-03-31,30,False,melt_out,132.07999999999998,154.93999999999997,1992-03-09
759:OR:SNTL,1993,1993-06-01,92,False,melt_out,530.8599999999999,744.22,1993-04-27
759:OR:SNTL,1994,1994-05-23,83,False,melt_out,365.76,365.76,1994-02-28
759:OR:SNTL,1995,1995-05-25,85,False,melt_out,322.58,381.0,1995-03-26
759:OR:SNTL,1996,1996-05-15,75,False,melt_out,485.14,530.8599999999999,1996-03-30
759:OR:SNTL,1997,1997-05-11,71,False,melt_out,408.94,439.42,1997-03-17
759:OR:SNTL,1998,1998-06-09,100,False,melt_out,480.05999999999995,558.8,1998-04-16
759:OR:SNTL,1999,1999-06-06,97,False,melt_out,660.4,866.14,1999-05-17
759:OR:SNTL,2000,2000-05-01,61,False,melt_out,396.23999999999995,436.87999999999994,2000-03-17
759:OR:SNTL,2001,2001-05-07,67,False,melt_out,246.37999999999997,309.87999999999994,2001-04-14
759:OR:SNTL,2002,2002-05-15,75,False,melt_out,378.46,490.21999999999997,2002-03-25
759:OR:SNTL,2003,2003-05-19,79,False,melt_out,160.01999999999998,208.27999999999997,2003-04-07
759:OR:SNTL,2004,2004-04-28,58,False,melt_out,419.09999999999997,457.2,2004-03-08
759:OR:SNTL,2005,2005-05-23,83,False,melt_out,248.92000000000002,271.78,2005-04-21
759:OR:SNTL,2006,2006-05-15,75,False,melt_out,251.46,485.14,2006-04-18
759:OR:SNTL,2007,2007-05-09,69,False,melt_out,271.78,302.26,2007-04-22
759:OR:SNTL,2008,2008-05-26,86,False,melt_out,388.62,535.94,2008-04-14
759:OR:SNTL,2009,2009-05-18,78,False,melt_out,218.43999999999997,464.82,2009-04-10
759:OR:SNTL,2010,2010-06-08,99,False,melt_out,309.87999999999994,487.67999999999995,2010-04-09
759:OR:SNTL,2011,2011-06-16,107,False,gap_before_melt_out,335.28,472.44,2011-04-07
759:OR:SNTL,2012,2012-05-07,67,False,melt_out,152.39999999999998,248.92000000000002,2012-04-09
759:OR:SNTL,2013,2013-04-25,55,False,melt_out,297.17999999999995,307.34,2013-03-06
759:OR:SNTL,2014,2014-05-11,71,False,melt_out,142.23999999999998,215.89999999999998,2014-04-04
759:OR:SNTL,2015,2015-04-12,42,False,melt_out,93.98,139.7,2015-01-16
759:OR:SNTL,2016,2016-04-30,60,False,melt_out,320.03999999999996,342.9,2016-03-15
759:OR:SNTL,2017,2017-05-19,79,False,melt_out,332.73999999999995,375.92,2017-03-31
759:OR:SNTL,2018,2018-04-30,60,False,melt_out,160.01999999999998,226.06,2018-03-26
759:OR:SNTL,2019,2019-05-24,84,False,melt_out,368.29999999999995,510.54,2019-04-14
759:OR:SNTL,2020,2020-05-01,61,False,melt_out,302.26,375.92,2020-04-07
759:OR:SNTL,2021,2021-04-30,60,False,melt_out,370.84,457.2,2021-03-28
759:OR:SNTL,2022,2022-06-02,93,False,melt_out,187.96,205.73999999999998,2022-03-21
759:OR:SNTL,2023,2023-05-19,79,False,melt_out,360.67999999999995,533.4,2023-04-21
759:OR:SNTL,2024,2024-05-16,76,False,melt_out,365.76,487.67999999999995,2024-04-06
759:OR:SNTL,2025,2025-05-14,74,False,melt_out,563.88,629.92,2025-03-24
770:ID:SNTL,1991,1991-05-13,73,False,melt_out,223.52,320.03999999999996,1991-03-30
770:ID:SNTL,1992,1992-04-02,32,False,melt_out,142.23999999999998,149.86,1992-02-24
770:ID:SNTL,1993,1993-05-17,77,False,melt_out,337.82,386.08,1993-03-17
770:ID:SNTL,1994,1994-04-26,56,False,melt_out,256.53999999999996,256.53999999999996,1994-02-27
770:ID:SNTL,1995,1995-05-05,65,False,melt_out,251.46,299.72,1995-03-24
770:ID:SNTL,1996,1996-05-12,72,False,melt_out,317.5,403.86,1996-04-02
770:ID:SNTL,1997,1997-05-13,73,False,melt_out,464.82,502.92,1997-03-15
770:ID:SNTL,1998,1998-05-06,66,False,melt_out,302.26,340.36,1998-04-02
770:ID:SNTL,1999,1999-05-14,74,False,melt_out,345.44,370.84,1999-04-08
770:ID:SNTL,2000,2000-04-26,56,False,melt_out,292.09999999999997,345.44,2000-03-23
770:ID:SNTL,2001,2001-04-24,54,False,melt_out,177.79999999999998,190.5,2001-03-16
770:ID:SNTL,2002,2002-04-25,55,False,melt_out,259.08,302.26,2002-03-19
770:ID:SNTL,2003,2003-04-24,54,False,melt_out,251.46,281.94,2003-03-08
770:ID:SNTL,2004,2004-04-21,51,False,melt_out,314.96,327.65999999999997,2004-03-06
770:ID:SNTL,2005,2005-05-02,62,False,melt_out,223.52,289.56,2005-04-08
770:ID:SNTL,2006,2006-05-02,62,False,melt_out,332.73999999999995,393.7,2006-04-01
770:ID:SNTL,2007,2007-04-24,54,False,melt_out,246.37999999999997,256.53999999999996,2007-03-10
770:ID:SNTL,2008,2008-05-14,74,False,melt_out,312.42,358.14,2008-04-13
770:ID:SNTL,2009,2009-05-09,69,False,melt_out,274.32,355.59999999999997,2009-04-02
770:ID:SNTL,2010,2010-05-08,68,False,melt_out,170.18,254.0,2010-04-12
770:ID:SNTL,2011,2011-05-19,79,False,melt_out,274.32,381.0,2011-04-09
770:ID:SNTL,2012,2012-04-19,49,False,melt_out,294.64,302.26,2012-03-06
770:ID:SNTL,2013,2013-05-03,63,False,melt_out,198.11999999999998,220.97999999999996,2013-03-11
770:ID:SNTL,2014,2014-05-06,66,False,melt_out,335.28,401.32,2014-04-06
770:ID:SNTL,2015,2015-04-18,48,False,melt_out,218.43999999999997,233.67999999999998,2015-03-05
770:ID:SNTL,2016,2016-04-25,55,False,melt_out,226.06,281.94,2016-03-28
770:ID:SNTL,2017,2017-05-07,67,False,melt_out,381.0,424.17999999999995,2017-03-08
770:ID:SNTL,2018,2018-05-01,61,False,melt_out,208.27999999999997,287.02,2018-04-04
770:ID:SNTL,2019,2019-05-05,65,False,melt_out,360.67999999999995,383.53999999999996,2019-03-24
770:ID:SNTL,2020,2020-05-02,62,False,melt_out,281.94,353.06,2020-04-06
770:ID:SNTL,2021,2021-05-02,62,False,melt_out,276.86,276.86,2021-02-27
770:ID:SNTL,2022,2022-05-11,71,False,melt_out,243.83999999999997,289.56,2022-04-15
770:ID:SNTL,2023,2023-05-17,77,False,melt_out,383.53999999999996,533.4,2023-04-06
770:ID:SNTL,2024,2024-05-13,73,False,melt_out,355.59999999999997,462.28,2024-03-31
770:ID:SNTL,2025,2025-05-06,66,False,melt_out,297.17999999999995,381.0,2025-03-22
780:CO:SNTL,1991,1991-05-24,84,False,melt_out,533.4,774.6999999999999,1991-03-29
780:CO:SNTL,1992,1992-05-28,88,False,melt_out,497.84000000000003,688.34,1992-04-01
780:CO:SNTL,1993,1993-06-16,107,False,melt_out,1092.2,1209.04,1993-04-08
780:CO:SNTL,1994,1994-06-03,94,False,melt_out,495.29999999999995,650.24,1994-05-02
780:CO:SNTL,1995,1995-06-30,121,False,melt_out,756.92,1069.34,1995-05-13
780:CO:SNTL,1996,1996-05-13,73,False,melt_out,457.2,538.4799999999999,1996-03-14
780:CO:SNTL,1997,1997-06-08,99,False,melt_out,810.2599999999999,812.8,1997-03-03
780:CO:SNTL,1998,1998-06-06,97,False,melt_out,388.62,662.94,1998-04-17
780:CO:SNTL,1999,1999-06-08,99,False,melt_out,474.97999999999996,627.38,1999-05-05
780:CO:SNTL,2000,2000-05-12,72,False,melt_out,370.84,543.56,2000-04-01
780:CO:SNTL,2001,2001-06-02,93,False,melt_out,520.6999999999999,708.66,2001-04-13
780:CO:SNTL,2002,2002-04-18,48,False,melt_out,243.83999999999997,297.17999999999995,2002-03-26
780:CO:SNTL,2003,2003-05-24,84,False,melt_out,434.34000000000003,513.0799999999999,2003-03-21
780:CO:SNTL,2004,2004-05-26,86,False,melt_out,637.54,650.24,2004-03-03
780:CO:SNTL,2005,2005-06-08,99,False,melt_out,909.3199999999998,1013.4599999999999,2005-03-30
780:CO:SNTL,2006,2006-05-14,74,False,melt_out,264.15999999999997,571.5,2006-04-06
780:CO:SNTL,2007,2007-05-25,85,False,melt_out,439.42,457.2,2007-03-10
780:CO:SNTL,2008,2008-06-03,94,False,melt_out,850.9,889.0,2008-04-13
780:CO:SNTL,2009,2009-05-17,77,False,melt_out,601.9799999999999,662.94,2009-04-16
780:CO:SNTL,2010,2010-05-24,84,False,melt_out,548.64,655.3199999999999,2010-04-04
780:CO:SNTL,2011,2011-06-15,106,False,melt_out,660.4,726.4399999999999,2011-03-27
780:CO:SNTL,2012,2012-05-08,68,False,melt_out,477.52,482.59999999999997,2012-03-03
780:CO:SNTL,2013,2013-05-16,76,False,melt_out,464.82,530.8599999999999,2013-03-21
780:CO:SNTL,2014,2014-05-27,87,False,melt_out,541.02,576.5799999999999,2014-04-05
780:CO:SNTL,2015,2015-06-04,95,False,melt_out,403.86,449.58,2015-03-12
780:CO:SNTL,2016,2016-06-02,93,False,melt_out,474.97999999999996,490.21999999999997,2016-02-04
780:CO:SNTL,2017,2017-06-03,94,False,melt_out,800.0999999999999,810.2599999999999,2017-03-05
780:CO:SNTL,2018,2018-05-07,67,False,melt_out,266.7,304.79999999999995,2018-03-24
780:CO:SNTL,2019,2019-07-03,124,False,melt_out,660.4,965.1999999999999,2019-04-03
780:CO:SNTL,2020,2020-05-20,80,False,melt_out,459.74,601.9799999999999,2020-03-29
780:CO:SNTL,2021,2021-05-26,86,False,melt_out,426.71999999999997,541.02,2021-03-27
780:CO:SNTL,2022,2022-05-29,89,False,melt_out,485.14,548.64,2022-03-10
780:CO:SNTL,2023,2023-06-17,108,False,melt_out,723.9,1051.56,2023-04-05
780:CO:SNTL,2024,2024-05-23,83,False,melt_out,436.87999999999994,520.6999999999999,2024-03-17
780:CO:SNTL,2025,2025-05-01,61,False,melt_out,284.47999999999996,368.29999999999995,2025-04-06
784:CA:SNTL,1991,1991-06-12,103,False,melt_out,284.47999999999996,843.28,1991-03-28
784:CA:SNTL,1992,1992-05-16,76,False,melt_out,622.3,695.9599999999999,1992-03-30
784:CA:SNTL,1993,1993-06-29,120,False,melt_out,2306.3199999999997,2537.46,1993-04-18
784:CA:SNTL,1994,1994-05-19,79,False,melt_out,784.8599999999999,805.18,1994-03-13
784:CA:SNTL,1995,1995-07-15,136,False,melt_out,1775.46,2959.1,1995-05-15
784:CA:SNTL,1996,1996-06-13,104,False,melt_out,1224.28,1653.5399999999997,1996-04-01
784:CA:SNTL,1997,1997-06-03,94,False,melt_out,2174.24,2250.4399999999996,1997-03-17
784:CA:SNTL,1998,1998-07-03,124,False,melt_out,1722.12,2209.7999999999997,1998-04-19
784:CA:SNTL,1999,1999-06-21,112,False,melt_out,1617.98,1887.2199999999998,1999-04-16
784:CA:SNTL,2000,2000-05-31,91,False,melt_out,1341.12,1440.18,2000-03-12
784:CA:SNTL,2001,2001-05-13,73,False,melt_out,741.68,815.34,2001-03-13
784:CA:SNTL,2002,2002-06-08,99,False,melt_out,1203.9599999999998,1559.56,2002-04-02
784:CA:SNTL,2003,2003-06-15,106,False,melt_out,1216.6599999999999,1739.8999999999999,2003-05-12
784:CA:SNTL,2004,2004-05-24,84,False,melt_out,1247.1399999999999,1267.4599999999998,2004-03-08
784:CA:SNTL,2005,2005-06-22,113,False,melt_out,1399.54,1922.78,2005-05-13
784:CA:SNTL,2006,2006-06-19,110,False,melt_out,1473.1999999999998,2247.9,2006-04-28
784:CA:SNTL,2007,2007-05-24,84,False,melt_out,817.88,817.88,2007-03-01
784:CA:SNTL,2008,2008-05-28,88,False,melt_out,899.16,1016.0,2008-03-19
784:CA:SNTL,2009,2009-05-31,91,False,melt_out,855.98,1186.18,2009-03-24
784:CA:SNTL,2010,2010-06-22,113,False,melt_out,825.5,1313.18,2010-04-28
784:CA:SNTL,2011,2011-07-07,128,False,melt_out,1135.38,1864.3600000000001,2011-04-25
784:CA:SNTL,2012,2012-05-22,82,False,melt_out,439.42,899.16,2012-04-14
784:CA:SNTL,2013,2013-05-12,72,False,melt_out,835.66,891.54,2013-03-11
784:CA:SNTL,2014,2014-05-16,76,False,melt_out,414.02,558.8,2014-04-05
784:CA:SNTL,2015,2015-05-16,76,False,melt_out,452.12,467.35999999999996,2015-03-11
784:CA:SNTL,2016,2016-05-30,90,False,melt_out,688.34,1079.5,2016-03-28
784:CA:SNTL,2017,2017-06-22,113,False,melt_out,1998.98,2103.12,2017-04-18
784:CA:SNTL,2018,2018-05-24,84,False,melt_out,500.37999999999994,919.48,2018-03-27
784:CA:SNTL,2019,2019-06-20,111,False,melt_out,1409.6999999999998,1706.8799999999999,2019-04-07
784:CA:SNTL,2020,2020-06-08,99,False,melt_out,426.71999999999997,787.4,2020-04-08
784:CA:SNTL,2021,2021-05-23,83,False,melt_out,525.78,629.92,2021-03-24
784:CA:SNTL,2022,2022-05-21,81,False,melt_out,530.8599999999999,576.5799999999999,2021-12-29
784:CA:SNTL,2023,2023-06-17,108,False,melt_out,1424.94,1894.8399999999997,2023-04-07
784:CA:SNTL,2024,2024-05-26,86,False,melt_out,779.78,866.14,2024-04-08
784:CA:SNTL,2025,2025-05-25,85,False,melt_out,881.38,1094.74,2025-04-01
807:WY:SNTL,1991,1991-05-23,83,False,melt_out,226.06,368.29999999999995,1991-04-19
807:WY:SNTL,1992,1992-05-01,61,False,melt_out,200.66,238.76,1992-04-10
807:WY:SNTL,1993,1993-05-14,74,False,melt_out,200.66,264.15999999999997,1993-04-20
807:WY:SNTL,1994,1994-05-08,68,False,melt_out,259.08,304.79999999999995,1994-04-07
807:WY:SNTL,1995,1995-05-22,82,False,melt_out,261.62,358.14,1995-04-09
807:WY:SNTL,1996,1996-06-01,92,False,melt_out,444.5,505.4599999999999,1996-04-02
807:WY:SNTL,1997,1997-05-19,79,False,melt_out,477.52,538.4799999999999,1997-04-11
807:WY:SNTL,1998,1998-05-09,69,False,melt_out,215.89999999999998,269.23999999999995,1998-03-28
807:WY:SNTL,1999,1999-05-24,84,False,melt_out,383.53999999999996,424.17999999999995,1999-04-11
807:WY:SNTL,2000,2000-05-08,68,False,melt_out,299.72,342.9,2000-04-02
807:WY:SNTL,2001,2001-05-08,68,False,melt_out,154.93999999999997,264.15999999999997,2001-04-14
807:WY:SNTL,2002,2002-05-24,84,False,melt_out,200.66,274.32,2002-03-28
807:WY:SNTL,2003,2003-05-20,80,False,melt_out,284.47999999999996,368.29999999999995,2003-04-05
807:WY:SNTL,2004,2004-05-30,90,False,melt_out,241.29999999999998,256.53999999999996,2004-03-18
807:WY:SNTL,2005,2005-05-25,85,False,melt_out,185.42,231.14,2005-03-31
807:WY:SNTL,2006,2006-05-09,69,False,melt_out,231.14,276.86,2006-04-01
807:WY:SNTL,2007,2007-04-29,59,False,melt_out,215.89999999999998,218.43999999999997,2007-03-10
807:WY:SNTL,2008,2008-05-23,83,False,melt_out,246.37999999999997,363.21999999999997,2008-04-11
807:WY:SNTL,2009,2009-05-15,75,False,melt_out,297.17999999999995,386.08,2009-04-09
807:WY:SNTL,2010,2010-05-09,69,False,melt_out,144.78,187.96,2010-04-03
807:WY:SNTL,2011,2011-05-28,88,False,melt_out,340.36,472.44,2011-04-23
807:WY:SNTL,2012,2012-05-06,66,False,melt_out,307.34,320.03999999999996,2012-03-08
807:WY:SNTL,2013,2013-05-02,62,False,melt_out,193.04,215.89999999999998,2013-03-21
807:WY:SNTL,2014,2014-05-08,68,False,melt_out,342.9,421.64,2014-04-06
807:WY:SNTL,2015,2015-04-16,46,False,melt_out,256.53999999999996,266.7,2015-02-23
807:WY:SNTL,2016,2016-04-17,47,False,melt_out,193.04,210.82,2016-03-28
807:WY:SNTL,2017,2017-04-27,57,False,melt_out,363.21999999999997,398.78,2017-03-09
807:WY:SNTL,2018,2018-05-06,66,False,melt_out,322.58,406.4,2018-04-12
807:WY:SNTL,2019,2019-05-04,64,False,melt_out,276.86,299.72,2019-03-13
807:WY:SNTL,2020,2020-05-02,62,False,melt_out,266.7,335.28,2020-04-06
807:WY:SNTL,2021,2021-04-20,50,False,melt_out,269.23999999999995,271.78,2021-03-11
807:WY:SNTL,2022,2022-05-30,90,False,melt_out,160.01999999999998,185.42,2022-03-17
807:WY:SNTL,2023,2023-05-02,62,False,melt_out,233.67999999999998,287.02,2023-04-05
807:WY:SNTL,2024,2024-04-20,50,False,melt_out,170.18,208.27999999999997,2024-03-06
807:WY:SNTL,2025,2025-04-16,46,False,melt_out,251.46,276.86,2025-03-23
834:CA:SNTL,1991,1991-05-09,69,False,melt_out,63.5,228.6,1991-03-27
834:CA:SNTL,1992,1992-04-07,37,False,melt_out,218.43999999999997,243.83999999999997,1992-02-19
834:CA:SNTL,1993,1993-05-07,67,False,melt_out,779.78,779.78,1993-02-27
834:CA:SNTL,1994,1994-04-16,46,False,melt_out,248.92000000000002,259.08,1994-03-12
834:CA:SNTL,1995,1995-05-23,83,False,melt_out,439.42,698.5,1995-03-31
834:CA:SNTL,1996,1996-05-03,63,False,melt_out,452.12,535.94,1996-03-12
834:CA:SNTL,1997,1997-04-27,57,False,melt_out,480.05999999999995,523.24,1997-03-09
834:CA:SNTL,1998,1998-05-19,79,False,melt_out,673.0999999999999,708.66,1998-03-11
834:CA:SNTL,1999,1999-05-18,78,False,melt_out,695.9599999999999,807.72,1999-04-10
834:CA:SNTL,2000,2000-04-25,55,False,melt_out,510.54,548.64,2000-03-11
834:CA:SNTL,2001,2001-04-26,56,False,melt_out,261.62,327.65999999999997,2001-03-11
834:CA:SNTL,2002,2002-04-26,56,False,melt_out,337.82,459.74,2002-03-25
834:CA:SNTL,2003,2003-05-14,74,False,melt_out,314.96,317.5,2003-03-18
834:CA:SNTL,2004,2004-04-24,54,False,melt_out,500.37999999999994,505.4599999999999,2004-03-04
834:CA:SNTL,2005,2005-05-15,75,False,melt_out,533.4,637.54,2005-03-29
834:CA:SNTL,2006,2006-05-08,68,False,melt_out,256.53999999999996,447.04,2006-04-17
834:CA:SNTL,2007,2007-04-24,54,False,melt_out,373.37999999999994,373.37999999999994,2007-03-01
834:CA:SNTL,2008,2008-04-30,60,False,melt_out,459.74,469.9,2008-03-19
834:CA:SNTL,2009,2009-04-27,57,False,melt_out,314.96,363.21999999999997,2009-03-04
834:CA:SNTL,2010,2010-05-23,83,False,melt_out,474.97999999999996,546.1,2010-04-05
834:CA:SNTL,2011,2011-05-31,91,False,melt_out,635.0,982.98,2011-03-26
834:CA:SNTL,2012,2012-04-27,57,False,melt_out,190.5,281.94,2012-04-06
834:CA:SNTL,2013,2013-04-12,42,False,melt_out,259.08,289.56,2013-03-07
834:CA:SNTL,2014,2014-04-07,37,False,melt_out,81.28,86.36,2014-02-28
834:CA:SNTL,2015,2015-03-14,13,False,melt_out,83.82,86.36,2015-03-02
834:CA:SNTL,2016,2016-04-25,55,False,melt_out,347.97999999999996,393.7,2016-03-14
834:CA:SNTL,2017,2017-05-21,81,False,melt_out,848.3599999999999,944.88,2017-03-08
834:CA:SNTL,2018,2018-04-24,54,False,melt_out,129.54,342.9,2018-03-22
834:CA:SNTL,2019,2019-05-12,72,False,melt_out,787.4,853.4399999999999,2019-03-12
834:CA:SNTL,2020,2020-04-29,59,False,melt_out,241.29999999999998,370.84,2020-04-06
834:CA:SNTL,2021,2021-04-19,49,False,melt_out,325.12,365.76,2021-03-18
834:CA:SNTL,2022,2022-05-11,71,False,melt_out,373.37999999999994,383.53999999999996,2022-02-22
834:CA:SNTL,2023,2023-05-20,80,False,melt_out,762.0,965.1999999999999,2023-04-07
834:CA:SNTL,2024,2024-05-07,67,False,melt_out,363.21999999999997,525.78,2024-03-31
834:CA:SNTL,2025,2025-04-28,58,False,melt_out,312.42,398.78,2025-03-17
845:ID:SNTL,1991,1991-06-25,116,False,melt_out,340.36,718.8199999999999,1991-05-16
845:ID:SNTL,1992,1992-05-22,82,False,melt_out,457.2,579.12,1992-04-24
845:ID:SNTL,1993,1993-06-30,121,False,melt_out,683.2599999999999,1064.26,1993-05-06
845:ID:SNTL,1994,1994-06-04,95,False,melt_out,452.12,518.16,1994-04-12
845:ID:SNTL,1995,1995-07-15,136,False,melt_out,774.6999999999999,1315.7199999999998,1995-05-11
845:ID:SNTL,1996,1996-07-06,127,False,melt_out,972.8199999999998,1214.12,1996-05-25
845:ID:SNTL,1997,1997-07-05,126,False,melt_out,1236.98,1473.1999999999998,1997-05-01
845:ID:SNTL,1998,1998-07-04,125,False,melt_out,695.9599999999999,833.1199999999999,1998-04-18
845:ID:SNTL,1999,1999-07-03,124,False,melt_out,947.4199999999998,1099.82,1999-05-07
845:ID:SNTL,2000,2000-06-13,104,False,melt_out,688.34,807.72,2000-04-18
845:ID:SNTL,2001,2001-06-05,96,False,melt_out,353.06,487.67999999999995,2001-04-21
845:ID:SNTL,2002,2002-06-16,107,False,melt_out,614.68,838.1999999999999,2002-04-18
845:ID:SNTL,2003,2003-06-20,111,False,melt_out,629.92,1059.18,2003-05-12
845:ID:SNTL,2004,2004-06-12,103,False,melt_out,645.16,711.1999999999999,2004-03-29
845:ID:SNTL,2005,2005-06-20,111,False,melt_out,393.7,584.1999999999999,2005-04-22
845:ID:SNTL,2006,2006-06-25,116,False,melt_out,891.54,1242.06,2006-04-26
845:ID:SNTL,2007,2007-06-08,99,False,melt_out,543.56,627.38,2007-04-22
845:ID:SNTL,2008,2008-06-26,117,False,melt_out,744.22,949.9599999999999,2008-04-30
845:ID:SNTL,2009,2009-06-25,116,False,melt_out,541.02,881.38,2009-05-06
845:ID:SNTL,2010,2010-06-26,117,False,melt_out,444.5,680.72,2010-05-07
845:ID:SNTL,2011,2011-07-08,129,False,melt_out,566.42,1016.0,2011-05-09
845:ID:SNTL,2012,2012-06-24,115,False,melt_out,673.0999999999999,962.6599999999999,2012-04-19
845:ID:SNTL,2013,2013-06-08,99,False,melt_out,556.2599999999999,711.1999999999999,2013-04-19
845:ID:SNTL,2014,2014-06-19,110,False,melt_out,632.4599999999999,901.6999999999999,2014-04-27
845:ID:SNTL,2015,2015-06-06,97,False,melt_out,617.22,701.04,2015-04-18
845:ID:SNTL,2016,2016-06-17,108,False,melt_out,698.5,924.56,2016-03-27
845:ID:SNTL,2017,2017-07-04,125,False,melt_out,1074.4199999999998,1457.9599999999998,2017-04-27
845:ID:SNTL,2018,2018-06-11,102,False,melt_out,586.74,889.0,2018-04-19
845:ID:SNTL,2019,2019-06-24,115,False,melt_out,792.4799999999999,949.9599999999999,2019-04-09
845:ID:SNTL,2020,2020-06-18,109,False,melt_out,520.6999999999999,680.72,2020-04-06
845:ID:SNTL,2021,2021-06-04,95,False,melt_out,584.1999999999999,632.4599999999999,2021-03-26
845:ID:SNTL,2022,2022-06-24,115,False,melt_out,558.8,840.74,2022-05-14
845:ID:SNTL,2023,2023-06-19,110,False,melt_out,627.38,952.5,2023-04-26
845:ID:SNTL,2024,2024-06-10,101,False,melt_out,584.1999999999999,754.38,2024-04-11
845:ID:SNTL,2025,2025-06-24,115,False,melt_out,670.56,830.58,2025-04-08
864:UT:SNTL,1991,1991-05-20,80,False,melt_out,162.56,254.0,1991-03-29
864:UT:SNTL,1992,1992-04-14,44,False,melt_out,175.26,251.46,1992-03-24
864:UT:SNTL,1993,1993-05-18,78,False,melt_out,459.74,543.56,1993-04-06
864:UT:SNTL,1994,1994-04-29,59,False,melt_out,195.57999999999998,248.92000000000002,1994-03-27
864:UT:SNTL,1995,1995-05-25,85,False,melt_out,287.02,340.36,1995-04-25
864:UT:SNTL,1996,1996-05-12,72,False,melt_out,360.67999999999995,464.82,1996-04-02
864:UT:SNTL,1997,1997-05-13,73,False,melt_out,566.42,607.06,1997-04-12
864:UT:SNTL,1998,1998-05-17,77,False,melt_out,266.7,375.92,1998-04-20
864:UT:SNTL,1999,1999-05-14,74,False,melt_out,193.04,210.82,1999-03-13
864:UT:SNTL,2000,2000-04-27,57,False,melt_out,236.22,289.56,2000-03-20
864:UT:SNTL,2001,2001-05-04,64,False,melt_out,251.46,289.56,2001-03-17
864:UT:SNTL,2002,2002-04-28,58,False,melt_out,154.93999999999997,200.66,2002-03-26
864:UT:SNTL,2003,2003-05-10,70,False,melt_out,182.88,256.53999999999996,2003-04-07
864:UT:SNTL,2004,2004-04-12,42,False,melt_out,281.94,289.56,2004-03-07
864:UT:SNTL,2005,2005-05-16,76,False,melt_out,411.47999999999996,449.58,2005-03-31
864:UT:SNTL,2006,2006-05-08,68,False,melt_out,246.37999999999997,353.06,2006-04-06
864:UT:SNTL,2007,2007-05-06,66,False,melt_out,200.66,215.89999999999998,2007-03-12
864:UT:SNTL,2008,2008-05-24,84,False,melt_out,330.2,454.6599999999999,2008-04-11
864:UT:SNTL,2009,2009-05-05,65,False,melt_out,246.37999999999997,332.73999999999995,2009-04-16
864:UT:SNTL,2010,2010-05-13,73,False,melt_out,190.5,246.37999999999997,2010-04-07
864:UT:SNTL,2011,2011-05-30,90,False,melt_out,391.15999999999997,462.28,2011-03-30
864:UT:SNTL,2012,2012-04-27,57,False,melt_out,180.33999999999997,182.88,2012-03-02
864:UT:SNTL,2013,2013-05-09,69,False,melt_out,187.96,218.43999999999997,2013-03-23
864:UT:SNTL,2014,2014-05-14,74,False,melt_out,223.52,269.23999999999995,2014-04-06
864:UT:SNTL,2015,2015-04-27,57,False,melt_out,172.72,200.66,2015-03-03
864:UT:SNTL,2016,2016-05-04,64,False,melt_out,241.29999999999998,264.15999999999997,2016-03-30
864:UT:SNTL,2017,2017-05-18,78,False,melt_out,480.05999999999995,502.92,2017-03-06
864:UT:SNTL,2018,2018-04-22,52,False,melt_out,132.07999999999998,187.96,2018-03-26
864:UT:SNTL,2019,2019-05-26,86,False,melt_out,337.82,441.9599999999999,2019-04-01
864:UT:SNTL,2020,2020-05-02,62,False,melt_out,228.6,337.82,2020-03-30
864:UT:SNTL,2021,2021-04-29,59,False,melt_out,157.48,205.73999999999998,2021-03-25
864:UT:SNTL,2022,2022-04-28,58,False,melt_out,210.82,248.92000000000002,2022-03-21
864:UT:SNTL,2023,2023-05-17,77,False,melt_out,378.46,553.72,2023-04-05
864:UT:SNTL,2024,2024-05-13,73,False,melt_out,320.03999999999996,416.55999999999995,2024-04-01
864:UT:SNTL,2025,2025-04-29,59,False,melt_out,228.6,307.34,2025-04-04
866:AZ:SNTL,1991,1991-04-10,40,False,melt_out,160.01999999999998,175.26,1991-03-02
866:AZ:SNTL,1992,1992-04-06,36,False,melt_out,109.21999999999998,160.01999999999998,1992-03-09
866:AZ:SNTL,1993,1993-04-12,42,False,melt_out,297.17999999999995,299.72,1993-03-03
866:AZ:SNTL,1994,1994-03-26,25,False,melt_out,111.76,114.3,1994-02-28
866:AZ:SNTL,1995,1995-03-23,22,False,melt_out,93.98,137.16,1995-02-16
866:AZ:SNTL,1996,1996-03-11,10,False,melt_out,17.779999999999998,63.5,1996-02-02
866:AZ:SNTL,1997,1997-03-23,22,False,melt_out,182.88,182.88,1997-01-27
866:AZ:SNTL,1998,1998-04-18,48,False,melt_out,180.33999999999997,198.11999999999998,1998-03-19
866:AZ:SNTL,1999,1999-03-01,0,False,gone_at_origin,0.0,66.03999999999999,1999-04-04
866:AZ:SNTL,2002,2002-03-01,0,False,gone_at_origin,0.0,58.419999999999995,2002-02-04
866:AZ:SNTL,2003,2003-04-09,39,False,melt_out,66.03999999999999,78.74,2003-03-05
866:AZ:SNTL,2004,2004-03-20,19,False,melt_out,91.44,124.46000000000001,2004-03-05
866:AZ:SNTL,2005,2005-03-30,29,False,melt_out,78.74,86.36,2005-02-12
866:AZ:SNTL,2006,2006-03-30,29,False,melt_out,0.0,58.419999999999995,2006-03-14
866:AZ:SNTL,2007,2007-03-11,10,False,melt_out,78.74,93.98,2007-02-21
866:AZ:SNTL,2008,2008-03-23,22,False,melt_out,134.61999999999998,149.86,2008-02-23
866:AZ:SNTL,2009,2009-03-03,2,False,melt_out,27.94,121.91999999999999,2009-01-05
866:AZ:SNTL,2010,2010-04-22,52,False,melt_out,266.7,284.47999999999996,2010-03-10
866:AZ:SNTL,2011,2011-03-03,2,False,melt_out,10.16,53.339999999999996,2011-02-05
866:AZ:SNTL,2012,2012-03-23,22,False,melt_out,73.66,109.21999999999998,2012-01-28
866:AZ:SNTL,2013,2013-03-13,12,False,melt_out,76.19999999999999,93.98,2013-02-20
866:AZ:SNTL,2016,2016-03-01,0,False,gone_at_origin,0.0,91.44,2016-02-01
866:AZ:SNTL,2017,2017-03-02,1,False,melt_out,5.08,60.959999999999994,2017-01-23
866:AZ:SNTL,2019,2019-03-22,21,False,melt_out,55.88,76.19999999999999,2019-01-19
866:AZ:SNTL,2020,2020-03-01,0,False,gone_at_origin,0.0,81.28,2020-01-28
866:AZ:SNTL,2022,2022-03-10,9,False,melt_out,10.16,83.82,2022-01-02
866:AZ:SNTL,2023,2023-03-26,25,False,melt_out,147.32,152.39999999999998,2023-03-02
866:AZ:SNTL,2024,2024-04-21,51,False,melt_out,5.08,101.6,2024-02-10
877:AZ:SNTL,1991,1991-04-10,40,False,melt_out,152.39999999999998,269.23999999999995,1991-03-28
877:AZ:SNTL,1992,1992-03-24,23,False,melt_out,104.13999999999999,198.11999999999998,1992-02-13
877:AZ:SNTL,1993,1993-03-30,29,False,melt_out,177.79999999999998,177.79999999999998,1993-03-01
877:AZ:SNTL,1994,1994-03-28,27,False,melt_out,187.96,238.76,1994-02-20
877:AZ:SNTL,1995,1995-03-13,12,False,melt_out,15.239999999999998,203.2,1995-01-26
877:AZ:SNTL,1997,1997-03-22,21,False,melt_out,162.56,233.67999999999998,1997-01-26
877:AZ:SNTL,1998,1998-04-25,55,False,melt_out,358.14,365.76,1998-02-25
877:AZ:SNTL,1999,1999-03-17,16,False,melt_out,0.0,106.67999999999999,1999-04-04
877:AZ:SNTL,2000,2000-03-23,22,False,melt_out,7.619999999999999,116.83999999999999,2000-03-07
877:AZ:SNTL,2001,2001-03-21,20,False,melt_out,162.56,172.72,2001-03-10
877:AZ:SNTL,2002,2002-03-01,0,False,gone_at_origin,0.0,96.52,2002-02-04
877:AZ:SNTL,2003,2003-03-26,25,False,melt_out,160.01999999999998,167.64,2003-03-05
877:AZ:SNTL,2004,2004-04-06,36,False,melt_out,114.3,165.1,2004-02-05
877:AZ:SNTL,2005,2005-03-08,7,False,melt_out,17.779999999999998,175.26,2005-02-11
877:AZ:SNTL,2006,2006-04-02,32,False,melt_out,0.0,137.16,2006-03-12
877:AZ:SNTL,2007,2007-03-12,11,False,melt_out,142.23999999999998,198.11999999999998,2007-02-01
877:AZ:SNTL,2008,2008-03-23,22,False,melt_out,157.48,193.04,2008-02-22
877:AZ:SNTL,2009,2009-03-14,13,False,melt_out,185.42,345.44,2009-02-17
877:AZ:SNTL,2010,2010-04-05,35,False,melt_out,490.21999999999997,492.75999999999993,2010-03-10
877:AZ:SNTL,2011,2011-03-24,23,False,melt_out,127.0,132.07999999999998,2011-02-28
877:AZ:SNTL,2012,2012-03-01,0,False,gone_at_origin,0.0,175.26,2011-12-24
877:AZ:SNTL,2013,2013-03-18,17,False,melt_out,147.32,177.79999999999998,2013-01-20
877:AZ:SNTL,2014,2014-03-15,14,False,melt_out,12.7,88.89999999999999,2013-12-21
877:AZ:SNTL,2015,2015-03-03,2,False,melt_out,0.0,63.5,2015-01-17
877:AZ:SNTL,2016,2016-03-01,0,False,gone_at_origin,0.0,243.83999999999997,2016-02-08
877:AZ:SNTL,2017,2017-03-05,4,False,melt_out,48.26,187.96,2017-01-24
877:AZ:SNTL,2019,2019-03-20,19,False,melt_out,104.13999999999999,134.61999999999998,2019-02-22
877:AZ:SNTL,2020,2020-03-01,0,False,gone_at_origin,0.0,104.13999999999999,2019-12-28
877:AZ:SNTL,2021,2021-03-19,18,False,melt_out,0.0,129.54,2021-01-29
877:AZ:SNTL,2022,2022-03-04,3,False,melt_out,0.0,71.11999999999999,2022-01-01
877:AZ:SNTL,2023,2023-03-28,27,False,melt_out,233.67999999999998,236.22,2023-03-02
877:AZ:SNTL,2024,2024-04-02,32,False,melt_out,0.0,134.61999999999998,2024-02-08
918:MT:SNTL,1991,1991-05-15,75,False,melt_out,142.23999999999998,246.37999999999997,1991-04-08
918:MT:SNTL,1992,1992-04-24,54,False,melt_out,193.04,195.57999999999998,1992-03-04
918:MT:SNTL,1993,1993-04-30,60,False,melt_out,193.04,226.06,1993-03-20
918:MT:SNTL,1994,1994-05-06,66,False,melt_out,248.92000000000002,271.78,1994-03-27
918:MT:SNTL,1995,1995-05-10,70,False,melt_out,180.33999999999997,200.66,1995-04-02
918:MT:SNTL,1996,1996-05-23,83,False,melt_out,264.15999999999997,289.56,1996-03-31
918:MT:SNTL,1997,1997-05-23,83,False,melt_out,416.55999999999995,472.44,1997-03-17
918:MT:SNTL,1998,1998-05-02,62,False,melt_out,218.43999999999997,238.76,1998-03-23
918:MT:SNTL,1999,1999-05-21,81,False,melt_out,309.87999999999994,337.82,1999-03-30
918:MT:SNTL,2000,2000-05-07,67,False,melt_out,187.96,236.22,2000-03-19
918:MT:SNTL,2001,2001-05-08,68,False,melt_out,121.91999999999999,182.88,2001-04-10
918:MT:SNTL,2002,2002-05-04,64,False,melt_out,231.14,279.4,2002-03-20
918:MT:SNTL,2003,2003-05-18,78,False,melt_out,193.04,243.83999999999997,2003-04-09
918:MT:SNTL,2004,2004-04-28,58,False,melt_out,203.2,228.6,2004-03-18
918:MT:SNTL,2005,2005-04-28,58,False,melt_out,142.23999999999998,172.72,2005-03-28
918:MT:SNTL,2006,2006-05-06,66,False,melt_out,213.35999999999999,256.53999999999996,2006-03-25
918:MT:SNTL,2007,2007-04-29,59,False,melt_out,259.08,264.15999999999997,2007-03-08
918:MT:SNTL,2008,2008-05-21,81,False,melt_out,284.47999999999996,340.36,2008-04-07
918:MT:SNTL,2009,2009-05-18,78,False,melt_out,185.42,279.4,2009-04-03
918:MT:SNTL,2010,2010-05-04,64,False,melt_out,177.79999999999998,220.97999999999996,2010-04-09
918:MT:SNTL,2011,2011-05-26,86,False,melt_out,269.23999999999995,403.86,2011-04-22
918:MT:SNTL,2012,2012-05-16,76,False,melt_out,271.78,426.71999999999997,2012-04-05
918:MT:SNTL,2013,2013-05-06,66,False,melt_out,198.11999999999998,228.6,2013-03-22
918:MT:SNTL,2014,2014-05-14,74,False,melt_out,208.27999999999997,264.15999999999997,2014-04-01
918:MT:SNTL,2015,2015-05-01,61,False,melt_out,134.61999999999998,175.26,2015-03-24
918:MT:SNTL,2016,2016-04-30,60,False,melt_out,228.6,271.78,2016-03-26
918:MT:SNTL,2017,2017-05-16,76,False,melt_out,233.67999999999998,287.02,2017-04-03
918:MT:SNTL,2018,2018-05-23,83,False,melt_out,304.79999999999995,408.94,2018-04-16
918:MT:SNTL,2019,2019-05-12,72,False,melt_out,226.06,251.46,2019-04-09
918:MT:SNTL,2020,2020-05-17,77,False,melt_out,236.22,297.17999999999995,2020-04-03
918:MT:SNTL,2021,2021-05-26,86,False,melt_out,210.82,233.67999999999998,2021-03-29
918:MT:SNTL,2022,2022-05-29,89,False,melt_out,251.46,312.42,2022-04-19
918:MT:SNTL,2023,2023-05-14,74,False,melt_out,198.11999999999998,238.76,2023-04-01
918:MT:SNTL,2024,2024-05-17,77,False,melt_out,177.79999999999998,246.37999999999997,2024-03-29
918:MT:SNTL,2025,2025-05-14,74,False,melt_out,195.57999999999998,226.06,2025-03-23
